consulta,id,titulo,precio,tachado,dto_%,vendidos,estrellas,envio_etiquetas,sale_desde,precio_nuevo_usuario,url
quilted storage basket,3256811384035290,Airfriend Vintage Floral Organizers Basket With Handle Portable Home Room Quilted Foldable Storage Basket For ,1.09,19.58,94,700+ sold,4.8,"$1.04 each, ≥ 2 pieces | New shoppers save $18.49",CN,si,https://www.aliexpress.us/item/3256811384035290.html
quilted storage basket,3256808460573434,Square Storage Basket Lace Flower Desktop Organizer Storage Basket Korean Quilted Storage Basket Cute Storage ,1.09,3.94,72,"1,000+ sold",4.7,New shoppers save $2.85 | Top selling on AliExpress,CN,si,https://www.aliexpress.us/item/3256808460573434.html
quilted storage basket,3256811913890097,Airfriend Cute Pink Flower Organizers Basket With Handle Home Room Quilted Foldable Storage Basket For Pet Toy,2.33,13.09,82,130 sold,4.6,Delivery: Oct 04 - 09,CN,si,https://www.aliexpress.us/item/3256811913890097.html
quilted storage basket,3256812224482810,Airfriend Large Capacity Flower Organizers Basket With Handle Home Room Quilted Storage Basket For Pet Toys Or,1.09,13.32,91,157 sold,4.6,"$1.04 each, ≥ 2 pieces | New shoppers save $12.23",CN,si,https://www.aliexpress.us/item/3256812224482810.html
quilted storage basket,3256812980219629,"Red Plaid Double Bow Quilted Storage Basket, Desktop Cosmetic Daily Organizer Two Colors",1.09,14.13,92,5 sold,,"New shoppers save $13.04 | Early bird deal, only 15 left",CN,si,https://www.aliexpress.us/item/3256812980219629.html
quilted storage basket,3256811928800002,Square Storage Basket Lace Flower Desktop Organizer Basket Korean Quilted Storage Basket Cute Storage Frame Ho,1.09,14.3,92,24 sold,5,"$1.04 each, ≥ 2 pieces | New shoppers save $13.21",CN,si,https://www.aliexpress.us/item/3256811928800002.html
quilted storage basket,3256811748460242,Airfriend SML Vintage Floral Organizers Basket With Handle Home Room Quilted Storage Basket For Snack Clothes ,1.64,14.43,88,82 sold,4.3,"$1.56 each, ≥ 2 pieces | New shoppers save $12.79",CN,si,https://www.aliexpress.us/item/3256811748460242.html
quilted storage basket,3256812756279680,Korean Style Cute Girly Pink Round Quilted Cotton Storage Basket Cute Storage Basket Organizing Desktop Sundri,2.37,24.2,90,9 sold,5,"$2.25 each, ≥ 2 pieces | New shoppers save $21.83",CN,si,https://www.aliexpress.us/item/3256812756279680.html
quilted storage basket,3256811902190052,Cute Love Heart Storage Box Quilting Cotton Bow Desktop Storage Basket Large-capacity Round Storage Frame Home,,,,17 sold,5,,,,https://www.aliexpress.us/item/3256811902190052.html
quilted storage basket,3256811891440309,Airfriend Flower Organizers Basket With Handle Home Room Quilted Foldable Storage Basket Clothes Toys Pet Stor,1.09,20.54,94,11 sold,5,"$1.04 each, ≥ 2 pieces | New shoppers save $19.45",CN,si,https://www.aliexpress.us/item/3256811891440309.html
quilted storage basket,3256812376454087,Soft Floral Quilted Storage Basket Kawaii Handheld Cosmetic Organizer Large Capacity Desktop Bedroom Makeup St,1.09,10.12,89,21 sold,,New shoppers save $9.03 | Delivery: Oct 04 - 09,CN,si,https://www.aliexpress.us/item/3256812376454087.html
quilted storage basket,3256812159355986,New Quilted Laundry Storage Basket for Dustproof and Dirty Clothes Storage 3D Trendy Multi Color Pattern,11.5,41,71,15 sold,5,New shoppers save $29.5 | Delivery: Oct 04 - 09,CN,si,https://www.aliexpress.us/item/3256812159355986.html
quilted storage basket,3256812461344923,Vintage Floral Organizers Basket With Handle Portable Home Room Quilted Foldable Storage Basket For Snack Clot,3.21,17.46,81,1 sold,,"$3.05 each, ≥ 2 pieces | New shoppers save $14.25",CN,si,https://www.aliexpress.us/item/3256812461344923.html
quilted storage basket,3256812851776221,"1 Pc Quilted Fabric Christmas Handheld Basket, Vintage Country Style, Foldable Patchwork Embroidered Xmas Tree",15.15,41.97,63,2 sold,3,"$14.54 each, ≥ 2 pieces | New shoppers save $26.82",CN,si,https://www.aliexpress.us/item/3256812851776221.html
quilted storage basket,3256811956665443,"Large Flower Garden Series Quilted Storage Basket, Desktop Snack and Miscellaneous Item Organizer, Large Capac",5.76,23.39,75,15 sold,5,New shoppers save $17.63 | Delivery: Oct 04 - 09,CN,si,https://www.aliexpress.us/item/3256811956665443.html
quilted storage basket,3256811559576910,Original Blue Stripe Quilted Storage Basket Desktop Good Item Organizer Basket Storage Box Cosmetics Sorting B,1.09,5.82,81,232 sold,4.8,New shoppers save $4.73 | Lowest price in 90 days,CN,si,https://www.aliexpress.us/item/3256811559576910.html
quilted storage basket,3256811669247303,Cute Love heart Storage Box Bow Round Desktop Storage Basket Quilting Cotton Large-capacity Organizer Box Home,1.09,5.01,78,8 sold,5,New shoppers save $3.92,CN,si,https://www.aliexpress.us/item/3256811669247303.html
quilted storage basket,3256812622482381,1PC Vintage French Blue Floral Quilted Storage Basket Portable Cosmetic Bag Soft Padded Desk Organizer for Bed,5.62,22.6,75,3 sold,,"$5.34 each, ≥ 2 pieces | New shoppers save $16.98",CN,si,https://www.aliexpress.us/item/3256812622482381.html
quilted storage basket,3256810609934913,Cross-Border Sweet Quilted Pattern Handbag Shaped Desktop Storage Basket For Cute Warm-Style Home Desktop Soft,3.26,17.96,81,38 sold,3.7,"$3.1 each, ≥ 2 pieces | New shoppers save $14.7",CN,si,https://www.aliexpress.us/item/3256810609934913.html
quilted storage basket,3256811912635951,Boho Quilted Laundry Basket Fabric Floral Storage Hamper with Handle Portable Clothes Storage Basket for Nurse,28.34,34.34,17,11 sold,,New shoppers save $6,CN,si,https://www.aliexpress.us/item/3256811912635951.html
quilted storage basket,3256811737939295,INS Square Stripe Storage Basket Desktop Organizer Basket Korean Quilted Storage Basket Cute Frame Home Decora,1.16,6.16,81,142 sold,4.8,New shoppers save $5 | Lowest price in 90 days,CN,si,https://www.aliexpress.us/item/3256811737939295.html
quilted storage basket,3256811655593852,with Handle Quilted Laundry Basket Large Capcity Foldable Fabric Floral Storage Bag Save Space Foral Pattern,23,29,20,4 sold,5,New shoppers save $6,CN,si,https://www.aliexpress.us/item/3256811655593852.html
quilted storage basket,3256812210439047,Quilted Portable Clothes Storage Baskets Large Capacity Turtle Pattern Laundry Basket Fabric Storage Baskets f,26.94,32.94,18,2 sold,,New shoppers save $6,CN,si,https://www.aliexpress.us/item/3256812210439047.html
quilted storage basket,3256812572675017,Floral Pattern Storage Basket Large Capacity Foldable Design Fabric Laundry Basket Quilted Fabric Comfortable ,1.78,6.78,73,1 sold,,New shoppers save $5,CN,si,https://www.aliexpress.us/item/3256812572675017.html
quilted storage basket,3256812241668063,INS Style Square Stripe Storage Basket Polka Dot Cute Frame Korean Quilted Storage Basket Cloth Desktop Organi,1.22,6.22,80,18 sold,,New shoppers save $5 | Lowest price in 90 days,CN,si,https://www.aliexpress.us/item/3256812241668063.html
quilted storage basket,3256812569989018,Floral Pattern Storage Basket Large Capacity Quilted Fabric Shopper Bag with Easy Carry Handles Foldable Desig,2.71,7.71,64,1 sold,,New shoppers save $5,CN,si,https://www.aliexpress.us/item/3256812569989018.html
quilted storage basket,3256812960149151,"1pcs Cute Quilted Storage Basket for Desk Organization - Perfect for Cosmetics, Snacks, and Small Items",5.33,18.38,71,,,"Early bird deal, only 1 left | Delivery: Oct 04 - 09",CN,si,https://www.aliexpress.us/item/3256812960149151.html
quilted storage basket,3256812913074438,Christmas Figure Quilted Handheld Basket DIY Fabric Storage Basket Kit Home Decoration Storage Organizer Chris,33.2,69.17,52,,,Delivery: Oct 04 - 09 | 4 × $8.3 with no interest,CN,si,https://www.aliexpress.us/item/3256812913074438.html
quilted storage basket,3256811986024596,New Fabric Storage Basket Red Checkered Large Capacity Quilted Laundry Hampers Collapsible Dirty Clothes Handl,7.88,13.88,43,6 sold,,New shoppers save $6 | Lowest price in 90 days,CN,si,https://www.aliexpress.us/item/3256811986024596.html
quilted storage basket,3256812646852174,Plaid Grid Fabric Storage Basket Household Washable Decorative Bins Ins Quilted Foldable Halloween Christmas P,6.07,22.15,72,12 sold,,New shoppers save $16.08 | Delivery: Oct 04 - 09,CN,si,https://www.aliexpress.us/item/3256812646852174.html
quilted storage basket,3256812960346459,"1pcs  Adorable quilted storage basket, desktop organizer, cosmetic, snack, and small item sorting bag, shelf s",2.13,18.77,88,1 sold,,"New shoppers save $16.64 | Early bird deal, only 4 left",CN,si,https://www.aliexpress.us/item/3256812960346459.html
quilted storage basket,3256812189258721,Vintage Floral Organizers Basket With Handle Home Room Quilted Storage Basket For  Laundry Basket Snack Clothe,15.91,45.65,65,3 sold,,New shoppers save $29.74 | Delivery: Oct 04 - 09,CN,si,https://www.aliexpress.us/item/3256812189258721.html
quilted storage basket,3256812448934409,Large Capacity Floral Storage Basket Collapsible with Handle Quilted Storage Basket Cotton Laundry Hampers Sna,2.54,7.54,66,1 sold,,New shoppers save $5,CN,si,https://www.aliexpress.us/item/3256812448934409.html
quilted storage basket,3256812160486040,Square Storage Basket Lace Flower Desktop Organizer Storage Basket Korean Quilted Storage Basket Cute Storage ,1.09,11.45,90,1 sold,4,"$1.03 each, ≥ 2 pieces | New shoppers save $10.36",CN,si,https://www.aliexpress.us/item/3256812160486040.html
quilted storage basket,3256812007668397,with Handle Quilted Laundry Basket Large Capcity Foral Pattern Fabric Floral Storage Bag Save Space Foldable C,23.02,29.02,20,2 sold,,New shoppers save $6,CN,si,https://www.aliexpress.us/item/3256812007668397.html
quilted storage basket,3256813057740080,"Gingham Quilted Storage Basket with Handles, Portable Fabric Organizer Bag for Cosmetics, Desktop & Bathroom S",1.09,14.64,92,2 sold,,"New shoppers save $13.55 | Early bird deal, only 3 left",CN,si,https://www.aliexpress.us/item/3256813057740080.html
quilted storage basket,3256812477980531,Ins Rectangle Storage Basket Cotton Quilted Sorting Basket Large Capacity Stripe Bow Desktop Storage Box Home ,9.63,13.76,30,3 sold,,,CN,si,https://www.aliexpress.us/item/3256812477980531.html
quilted storage basket,3256812902688654,"Polka Dot Storage Organizer Basket, Quilted Rectangular Storage Box with Heart-Shaped Polka Dots, Quilted Styl",1.31,16.25,91,5 sold,,"New shoppers save $14.94 | Early bird deal, only 13 left",CN,si,https://www.aliexpress.us/item/3256812902688654.html
quilted storage basket,3256812326818021,Quilted Clothes Storage Bucket with Handles Turtle Pattern Laundry Basket Fabric Storage Baskets for Clothes B,20.61,38.17,46,1 sold,,Free shipping,CN,si,https://www.aliexpress.us/item/3256812326818021.html
quilted storage basket,3256812896434070,Cotton Small Quilted Storage Basket Square Space Saving Floral Bow Storage Basket Folding with Partition,16.55,35.22,53,,,Delivery: Oct 04 - 09 | Extra 1% off with coins,CN,si,https://www.aliexpress.us/item/3256812896434070.html
quilted storage basket,3256812986424601,Ins Multi-function Storage Basket Foldable Large Capacity Home Decorate Cosmetic Sundry Fresh Lattice Quilted ,1.09,13.04,91,1 sold,,"New shoppers save $11.95 | Early bird deal, only 3 left",CN,si,https://www.aliexpress.us/item/3256812986424601.html
quilted storage basket,3256812531099875,Small Quilted Storage Basket Floral Bow Desktop Storage Organiser with Partition for Home Travel Countertop Dr,12.67,18.67,32,1 sold,,New shoppers save $6,CN,si,https://www.aliexpress.us/item/3256812531099875.html
quilted storage basket,3256812629854849,1pcs Large Flower Series [Storage Basket] Retro Quilted Flower Portable Large Capacity Home Storage Basket,7.91,26.89,70,4 sold,4,"$7.51 each, ≥ 2 pieces | New shoppers save $18.98",CN,si,https://www.aliexpress.us/item/3256812629854849.html
quilted storage basket,3256812199087174,"YT Quilted Storage Basket for Home Desktop Miscellaneous Item Organizer, Dormitory Bedroom Large Capacity Cosm",3.35,18.16,81,10 sold,,"$3.18 each, ≥ 2 pieces | New shoppers save $14.81",CN,si,https://www.aliexpress.us/item/3256812199087174.html
quilted storage basket,3256812335194881,"YT Square Storage Basket with Bow and Large Polka Dots, Quilted Design, for Dormitory Desk and Bedside Storage",1.38,13.86,90,2 sold,,"$1.31 each, ≥ 2 pieces | New shoppers save $12.48",CN,si,https://www.aliexpress.us/item/3256812335194881.html
quilted storage basket,3256811955704339,"Desktop snack and miscellaneous items organizer basket, quilted fabric home storage basket, large garden serie",2.29,15.85,85,15 sold,5,New shoppers save $13.56 | Lowest price in 90 days,CN,si,https://www.aliexpress.us/item/3256811955704339.html
quilted storage basket,3256812634629338,Soft Desktop Storage Basket Quilted Lace Flower Cosmetic Storage Pouch Large Capacity Snacks Sundries Sorting ,1.09,5.24,79,7 sold,,New shoppers save $4.15,CN,si,https://www.aliexpress.us/item/3256812634629338.html
quilted storage basket,3256812494443088,Floral Quilted Storage Basket Portable Handheld Cosmetic Organizer Bin Large Capacity Skincare Holder for Bath,16.2,33.75,52,,,"$15.39 each, ≥ 2 pieces | Delivery: Oct 04 - 09",CN,si,https://www.aliexpress.us/item/3256812494443088.html
quilted storage basket,3256811657731162,with Handle Quilted Laundry Basket Foldable Foral Pattern Fabric Floral Storage Bag Save Space Large Capcity C,18.74,24.99,25,4 sold,5,,CN,si,https://www.aliexpress.us/item/3256811657731162.html
quilted storage basket,3256812555581745,Ins Plaid Quilted Fabric Desktop Storage Box Underwear Socks Storage Basket Dormitory Sundries Storage Basket,15.44,30.87,50,,,"$14.67 each, ≥ 2 pieces | Delivery: Oct 04 - 09",CN,si,https://www.aliexpress.us/item/3256812555581745.html
quilted storage basket,3256811560774863,Boho Quilted Laundry Basket Floral Fabric with Handles Clothes Storage Bucket Soft 14×18in Storage Basket For ,13.17,20.58,36,21 sold,4.6,,CN,si,https://www.aliexpress.us/item/3256811560774863.html
quilted storage basket,3256812094541567,Sweet Bear Series Desktop Storage Basket Quilting Cotton Large Capacity Organizer Box Cartoon Cylindrical Stor,1.09,5.16,78,10 sold,5,New shoppers save $4.07,CN,si,https://www.aliexpress.us/item/3256812094541567.html
quilted storage basket,3256812044465873,Foldable Laundry Hamper Basket with Handles Boho Quilted Laundry Baskets Fabric Floral Storage Hamper for Nurs,15.31,30.62,50,12 sold,1,Free shipping,CN,si,https://www.aliexpress.us/item/3256812044465873.html
quilted storage basket,3256812570524694,Floral Pattern Storage Basket Large Capacity Quilted Fabric Fabric Laundry Basket Cotton Material Comfortable ,2.88,7.88,63,3 sold,,New shoppers save $5 | Extra 5% off with coins,CN,si,https://www.aliexpress.us/item/3256812570524694.html
quilted storage basket,3256812050039363,Boho Quilted Laundry Basket 14×18in Floral Fabric Clothes Storage Bucket with Handles Soft Storage Basket For ,14,40.82,65,3 sold,,New shoppers save $26.82 | Delivery: Oct 04 - 09,CN,si,https://www.aliexpress.us/item/3256812050039363.html
quilted storage basket,3256811594150641,Quilted Table Basket Cute Bow Desk Accessories Organizers Container for Office Home Stationery Snack Toys,5.28,10.28,48,3 sold,5,New shoppers save $5 | Extra 2% off with coins,CN,si,https://www.aliexpress.us/item/3256811594150641.html
quilted storage basket,3256812251015217,New Square Stripe Storage Basket Polka Dot Cloth Desktop Organizer Basket Cute Frame Korean Quilted Storage Ba,1.09,6.2,82,26 sold,5,New shoppers save $5.11,CN,si,https://www.aliexpress.us/item/3256812251015217.html
quilted storage basket,3256811585934817,Fashion Boho Quilted Laundry Basket 14×18in Floral Fabric Clothes Storage Bucket Soft with Handles Storage Bas,16.51,22.93,28,17 sold,5,,CN,si,https://www.aliexpress.us/item/3256811585934817.html
quilted storage basket,3256812300237391,Round Storage Basket Lace Bow Korean Quilted Desktop Organizer Cute Home Decor Cabinet Storage Basket,5.45,,,6 sold,,,CN,si,https://www.aliexpress.us/item/3256812300237391.html
quilted storage basket,3256812171730070,Unique Boho Quilted Laundry Basket Floral Fabric 14×18in Clothes Storage Bucket Soft with Handles Storage Bask,19.07,25.07,23,8 sold,5,New shoppers save $6,CN,si,https://www.aliexpress.us/item/3256812171730070.html
quilted car basket,3256812616036295,Car Storage Basket Quilted Large Capacity Red Plaid Foldable Organizer Fabric Storage Basket With Handles For ,12.74,33.53,62,1 sold,,Extra 5% off with coins,CN,si,https://www.aliexpress.us/item/3256812616036295.html
quilted car basket,3256812301798937,Quilted Fabric Storage Basket Large Capacity Car Interior Storage Baskets Foldable Cotton Storage Pouch Daily ,7.66,,,3 sold,5,,CN,si,https://www.aliexpress.us/item/3256812301798937.html
quilted car basket,3256812331059425,Travel Pet Nest Two-Season Season Dog Car Booster Seat Dog Booster Car Seat Quilted Memory Foam for Dogs,19.64,34.45,43,7 sold,,,CN,si,https://www.aliexpress.us/item/3256812331059425.html
quilted car basket,3256811744458808,ZG PU Large Capacity Quilted Leather Car Seat Back Organizer Hanging Storage Bag with Quick Release Buckle for,17.66,25.23,30,,,Free shipping | Extra 2% off with coins,CN,si,https://www.aliexpress.us/item/3256811744458808.html
quilted car basket,3256812833819732,Quilted Camping Bus Travel Trailer Storage Basket Large Capacity Laundry Hamper with Handles Clothes Storage B,15.72,20.96,25,,,,CN,si,https://www.aliexpress.us/item/3256812833819732.html
quilted car basket,3256811384035290,Airfriend Vintage Floral Organizers Basket With Handle Portable Home Room Quilted Foldable Storage Basket For ,1.09,19.58,94,700+ sold,4.8,"$1.04 each, ≥ 2 pieces | New shoppers save $18.49",CN,si,https://www.aliexpress.us/item/3256811384035290.html
quilted car basket,3256808460573434,Square Storage Basket Lace Flower Desktop Organizer Storage Basket Korean Quilted Storage Basket Cute Storage ,1.09,3.94,72,"1,000+ sold",4.7,New shoppers save $2.85 | Top selling on AliExpress,CN,si,https://www.aliexpress.us/item/3256808460573434.html
quilted car basket,3256811787214631,Car Seat Back Storage Bag Universal Auto Seat Back Hanging Organizer Bag Leather Quilted Car Interior Storage ,18.59,26.56,30,,,Free shipping | Extra 2% off with coins,CN,si,https://www.aliexpress.us/item/3256811787214631.html
quilted car basket,3256811928800002,Square Storage Basket Lace Flower Desktop Organizer Basket Korean Quilted Storage Basket Cute Storage Frame Ho,1.09,14.3,92,24 sold,5,"$1.04 each, ≥ 2 pieces | New shoppers save $13.21",CN,si,https://www.aliexpress.us/item/3256811928800002.html
quilted car basket,3256811913890097,Airfriend Cute Pink Flower Organizers Basket With Handle Home Room Quilted Foldable Storage Basket For Pet Toy,2.33,13.09,82,130 sold,4.6,Delivery: Oct 04 - 09,CN,si,https://www.aliexpress.us/item/3256811913890097.html
quilted car basket,3256812745644320,Short Plush Single Front Car Seat Cushion Grid Quilted with Side Storage Pocket Universal Fit Most Cars,,,,32 sold,5,,,,https://www.aliexpress.us/item/3256812745644320.html
quilted car basket,3256811829863868,Car Accessories Car Garbage with Lid Can Trash  Home Room House Automobiles Interior Case Holder Bin Car Baske,2.7,7.7,64,2 sold,,New shoppers save $5,CN,si,https://www.aliexpress.us/item/3256811829863868.html
quilted car basket,3256812738820006,Cute Bear Felt Storage Basket 20L Foldable Car Trunk Organizer with Handles for Snacks Toys Groceries Blankets,4.26,21.84,80,8 sold,5,New shoppers save $17.58 | Delivery: Oct 04 - 09,CN,si,https://www.aliexpress.us/item/3256812738820006.html
quilted car basket,3256812747165400,1pc Foldable Car Trunk Storage Box Multifunctional Auto Sundries Organizer Basket for Vehicle Daily Travel Sup,3.22,17.12,81,1 sold,,New shoppers save $13.9 | Delivery: Oct 04 - 09,CN,si,https://www.aliexpress.us/item/3256812747165400.html
quilted car basket,3256812076511523,Baby Stroller Seat Pad Universal Four Seasons Warm Cushion Anti Slip Wear Resistant Mat For Infant Car Seat Ca,1.58,13.15,88,95 sold,4.9,New shoppers save $11.57 | Delivery: Oct 04 - 09,CN,si,https://www.aliexpress.us/item/3256812076511523.html
quilted car basket,3256807193505286,Car Organizer Multi-functional Car Seat Storage Bag Waterproof Hanging Car Seat Organizer Garbage Bag Suitable,2.33,14.87,84,347 sold,4.5,Delivery: Oct 04 - 09,CN,si,https://www.aliexpress.us/item/3256807193505286.html
quilted car basket,3256811796631793,Airfriend Small Vintage Floral Organizers Basket With Handle Portable Home Room Quilted Foldable Storage Baske,1.09,13.87,92,34 sold,5,"$1.04 each, ≥ 2 pieces | New shoppers save $12.78",CN,si,https://www.aliexpress.us/item/3256811796631793.html
quilted car basket,3256811779819459,Universal Car Armrest Cushion Organizer with Cup Holder & Tissue Slot PU Leather Heightening Console Pad Side ,3.55,17.46,79,37 sold,5,New shoppers save $13.91 | Delivery: Oct 04 - 09,CN,si,https://www.aliexpress.us/item/3256811779819459.html
quilted car basket,3256809130362621,Dog Car Seat Cover Pet Travel Carrier Mattress Waterproof Dog Car Seat Protector With Middle Seat Armrest For ,14.19,32.26,56,"4,000+ sold",4.7,Top selling on AliExpress | Delivery: Oct 04 - 09,CN,si,https://www.aliexpress.us/item/3256809130362621.html
quilted car basket,3256811864173768,Dirty clothes storage basket Square box Folding toy storage basket Household storage box Household fabric quil,1.09,10.49,89,5 sold,5,"$1.02 each, ≥ 2 pieces | New shoppers save $9.4",CN,si,https://www.aliexpress.us/item/3256811864173768.html
quilted car basket,3256810609934913,Cross-Border Sweet Quilted Pattern Handbag Shaped Desktop Storage Basket For Cute Warm-Style Home Desktop Soft,3.26,17.96,81,38 sold,3.7,"$3.1 each, ≥ 2 pieces | New shoppers save $14.7",CN,si,https://www.aliexpress.us/item/3256810609934913.html
quilted car basket,3256812749482216,Soft Breathable Stroller Seat Pad Wear-Resistant Universal Stroller Cushion Anti-Slip Stroller Basket Liner Su,3.64,9.64,62,2 sold,,New shoppers save $6,CN,si,https://www.aliexpress.us/item/3256812749482216.html
quilted car basket,3256808800577780,"Quilted Storage Basket Desktop Good Item Storage Basket Storage Box Organize Cosmetics, Snacks, And Miscellane",1.09,11.34,90,318 sold,4.8,"$1.04 each, ≥ 2 pieces | New shoppers save $10.25",CN,si,https://www.aliexpress.us/item/3256808800577780.html
quilted car basket,3256807753400152,"Cherry Blossem Plants Car Hanging Crochet Basket Interior Decoration, Car Ornament, Rear View Mirror Hanging A",6.53,12.53,47,28 sold,,New shoppers save $6 | Free shipping,CN,si,https://www.aliexpress.us/item/3256807753400152.html
quilted car basket,3256812353665423,Easter Basket With Lace For Kids Trim Cute Quilted Gingham Egg Hunting Basket Spring Gift-giving Easter Access,5.08,21.92,76,7 sold,,New shoppers save $16.84 | Delivery: Oct 04 - 09,CN,si,https://www.aliexpress.us/item/3256812353665423.html
quilted car basket,3256812808906440,"425L Waterproof Car Roof Bag with Anti-Slip Mat, Foldable Rooftop Cargo Carrier for SUV Sedan Van Family Road ",48.91,112.32,56,2 sold,,New shoppers save $63.41 | Delivery: Oct 04 - 09,CN,si,https://www.aliexpress.us/item/3256812808906440.html
quilted car basket,3256812709913395,500 lb Capacity Steel Hitch Mount Folding Cargo Carrier Mesh Basket 2 inch Receiver 60x21x6.5 in for Car SUV T,133.76,138.76,3,2 sold,,New shoppers save $5 | Customizable,CN,si,https://www.aliexpress.us/item/3256812709913395.html
quilted car basket,3256812702991822,New 9 Styles Bus-Shaped Quilted Duffle Bag Large Capacity 3D Quilting Craft Travel Duffel Bag Tote Bags Short-,16.48,45.88,64,19 sold,5,New shoppers save $29.4 | Delivery: Oct 04 - 09,CN,si,https://www.aliexpress.us/item/3256812702991822.html
quilted car basket,3256805995607299,INSULAR Hang Diaper Bag Baby Stroller Bag Organizer Bag Nappy Baby Bottle Storage Bags Buggy Pram Cart Basket ,1.12,20.34,94,46 sold,5,New shoppers save $19.22 | Lowest price in 90 days,CN,si,https://www.aliexpress.us/item/3256805995607299.html
quilted car basket,3256807353739657,CAWAYI KENNEL Pet Dog Carrier Car Seat Cover Carry Cat Puppy Bag Car Travel Folding Hammock Waterproof Dogs Ba,25.31,65.22,61,500+ sold,4.9,New shoppers save $39.91 | Delivery: Oct 04 - 09,CN,si,https://www.aliexpress.us/item/3256807353739657.html
quilted car basket,3256812960149151,"1pcs Cute Quilted Storage Basket for Desk Organization - Perfect for Cosmetics, Snacks, and Small Items",5.33,18.38,71,,,"Early bird deal, only 1 left | Delivery: Oct 04 - 09",CN,si,https://www.aliexpress.us/item/3256812960149151.html
quilted car basket,3256811892951562,New Newborn Diaper Storage Bags Portable Quilted Large Capacity Mummy Cosmetic Bag Baby Stroller Storage Hangi,1.9,6.9,72,4 sold,,New shoppers save $5,CN,si,https://www.aliexpress.us/item/3256811892951562.html
quilted car basket,3256812000035766,2026 New Handmade Diaper Bag Cute Square Storage Basket Desk Clutter and Baby Items Storage Basket Contents 15,1.86,7.86,76,5 sold,5,New shoppers save $6,CN,si,https://www.aliexpress.us/item/3256812000035766.html
quilted car basket,3256813012018896,INS Square Stripe Storage Basket Desktop Organizer Basket Korean Quilted Storage Basket Cute Frame Home Decora,1.09,17.33,93,2 sold,,"New shoppers save $16.24 | Early bird deal, only 3 left",CN,si,https://www.aliexpress.us/item/3256813012018896.html
quilted car basket,3256812896434070,Cotton Small Quilted Storage Basket Square Space Saving Floral Bow Storage Basket Folding with Partition,16.55,35.22,53,,,Delivery: Oct 04 - 09 | Extra 1% off with coins,CN,si,https://www.aliexpress.us/item/3256812896434070.html
quilted car basket,3256812602166672,1/2pc Ins Multi Function Storage Basket Foldable Large Capacity Home Decorate Cosmetic Sundry Fresh Lattice Qu,1.58,13.71,88,2 sold,,"$1.5 each, ≥ 2 pieces | New shoppers save $12.13",CN,si,https://www.aliexpress.us/item/3256812602166672.html
quilted car basket,3256812651707359,Travel Portable Pet Carrier Basket Waterproof Non-Slip Cat Basket Seat Durable Scratch Proof Dog Auto Seat for,3.62,17.25,78,16 sold,4,New shoppers save $13.63 | Delivery: Oct 04 - 09,CN,si,https://www.aliexpress.us/item/3256812651707359.html
quilted car basket,3256811904237839,Dog Car Seat Cover Foldable Hammock Pet Harness Cat Bag Basket Stable And Foldable Travel Pets Dog And Cat Saf,5.72,21.88,73,7 sold,3.5,New shoppers save $16.16 | Lowest price in 90 days,CN,si,https://www.aliexpress.us/item/3256811904237839.html
quilted car basket,3256812493167423,"Quilting Small Floral Print Storage Basket, Ins-Style Korean Minimalist Niche Portable Fabric Desktop Organize",2.49,14.98,83,11 sold,5,"$2.34 each, ≥ 2 pieces | New shoppers save $12.49",CN,si,https://www.aliexpress.us/item/3256812493167423.html
quilted car basket,3256812307931145,"YT New Bowknot Polka Dot Desktop Organizer Storage Box, Miscellaneous Item Storage Basket, Large Polka Dot Qui",1.31,13.71,90,2 sold,,New shoppers save $12.4 | Delivery: Oct 04 - 09,CN,si,https://www.aliexpress.us/item/3256812307931145.html
quilted car basket,3256812244355817,Fabric Storage Box Foldable Organizer Basket Bin with Handle for Clothes Quilt Toys Household Closet Desktop O,1.09,6.07,81,8 sold,,"$1.03 each, ≥ 2 pieces | New shoppers save $4.98",CN,si,https://www.aliexpress.us/item/3256812244355817.html
quilted car basket,3256812317375244,Airfriend Large Capacity Vintage Bow Kont Organizers Basket With Handle Home Quilted Storage Basket For Pet To,1.09,12.82,91,13 sold,4,"$1.03 each, ≥ 2 pieces | New shoppers save $11.73",CN,si,https://www.aliexpress.us/item/3256812317375244.html
quilted car basket,3256812924687688,"YT Floral Quilted Storage Basket, Soft and Large Capacity, Portable Makeup Bag, Desktop Cosmetic Organizer for",6.69,13.38,50,351 sold,4.9,Delivery: Oct 04 - 09 | Extra 2% off with coins,CN,si,https://www.aliexpress.us/item/3256812924687688.html
quilted car basket,3256812471601317,Waterproof Foldable Dog Car Seat Cover Hammock Anti Slip Pet Harness Cat Travel Basket Stable Safety Protector,1.09,11.86,90,2 sold,,New shoppers save $10.77 | Delivery: Oct 04 - 09,CN,si,https://www.aliexpress.us/item/3256812471601317.html
quilted car basket,3256809169417107,Quilted Baby Item Storage Bucket Diaper Bags Toys Clothes Basket Large Capacity Round Diaper Stackers Nappy St,3.52,17.76,80,5 sold,5,"$3.34 each, ≥ 2 pieces | New shoppers save $14.24",CN,si,https://www.aliexpress.us/item/3256809169417107.html
quilted car basket,3256812826417486,Car Short Plush Rear Bench Car Seat Cushion Grid Quilted with Dual Storage Pockets Car Seat Universal Fit Most,8.97,18.69,52,2 sold,,Extra 1% off with coins,CN,si,https://www.aliexpress.us/item/3256812826417486.html
quilted car basket,3256811594150641,Quilted Table Basket Cute Bow Desk Accessories Organizers Container for Office Home Stationery Snack Toys,5.28,10.28,48,3 sold,5,New shoppers save $5 | Extra 2% off with coins,CN,si,https://www.aliexpress.us/item/3256811594150641.html
quilted car basket,3256806989289622,Foldable Non Woven Zippered Storage Bag Portable Quilt Storage Basket Large Capacity Wardrobe Sorting Storage ,1.09,2.88,62,16 sold,1,New shoppers save $1.79 | Lowest price in 90 days,CN,si,https://www.aliexpress.us/item/3256806989289622.html
quilted car basket,3256805663973601,Linen Quilted Embroidered Car Cushion Without Backrest Four Seasons Universal Three-piece Set,12.59,35.91,64,25 sold,4.7,New shoppers save $23.32 | Delivery: Oct 04 - 09,CN,si,https://www.aliexpress.us/item/3256805663973601.html
quilted car basket,3256807934805962,Dog Car Seat Cover Folding Hammock Pet Carriers Bag Basket Carrying for Cats Stable Foldable Travel Pet Dog Ca,8.79,15.16,42,39 sold,5,Extra 3% off with coins,CN,si,https://www.aliexpress.us/item/3256807934805962.html
quilted car basket,3256811865860061,Reusable Portable Stroller Nappy Bag Quilted Embroidery Baby Diaper Caddy Large Capacity Versatile Baby Diaper,1.09,5.27,79,7 sold,,New shoppers save $4.18,CN,si,https://www.aliexpress.us/item/3256811865860061.html
quilted car basket,3256809719674000,Ins Style Cute Quilted Storage Basket Desktop Storage Basket Storage Box Cosmetics Jewelry Small Sundries Orga,1.09,5.69,80,49 sold,5,New shoppers save $4.6 | Lowest price in 90 days,CN,si,https://www.aliexpress.us/item/3256809719674000.html
quilted car basket,3256805306274323,Newborn Baby Blankets Breathable Cotton Knitted Infant Boys Girls Stroller Basket Crib Cellular 100*80cm Toddl,11.52,49.98,76,7 sold,,New shoppers save $38.46 | Lowest price in 90 days,CN,si,https://www.aliexpress.us/item/3256805306274323.html
quilted car basket,3256812874971165,1Pc Car Felt Storage Box Enlarged Thickened Storage Bag Dual‑Use for Car Household Organizer Accessory,8.73,17.46,50,,,Delivery: Oct 04 - 09 | Extra 1% off with coins,CN,si,https://www.aliexpress.us/item/3256812874971165.html
quilted car basket,3256806909107099,Car High Capacity Multifunction Seat Storage Bag For Back Seat Portable Reusable Storage Bag Shopping Basket C,5.23,21.31,75,15 sold,4,New shoppers save $16.08 | Lowest price in 90 days,CN,si,https://www.aliexpress.us/item/3256806909107099.html
quilted car basket,3256812787932948,Diy Christmas Kit Fabric Christmas Decoration Basket Diy Basket Kit Quilted Fabric Craft Basket For Gift Wrapp,8.41,15.29,45,,,Extra 2% off with coins,CN,si,https://www.aliexpress.us/item/3256812787932948.html
quilted car basket,3256812089221105,Square Storage Basket Lace Flower Desktop Organizer Storage Basket Korean Quilted Storage Basket Cute Storage ,2.77,7.77,64,9 sold,5,New shoppers save $5,CN,si,https://www.aliexpress.us/item/3256812089221105.html
quilted car basket,3256810365935459,Baby Organizer Nappy Diaper Bag Storage Box Bedding Baby Items Toys Caddy Basket Quilted Diaper Stacker Babies,1.63,13.82,88,9 sold,4,New shoppers save $12.19 | Lowest price in 90 days,CN,si,https://www.aliexpress.us/item/3256810365935459.html
quilted car basket,3256813017775920,Dog Car Seat with Storage Pockets Foldable Pet Booster Car Seat Anti-Scratch Waterproof Pet Car Carrier Bag Sa,11.43,45.23,74,2 sold,,"New shoppers save $33.8 | Early bird deal, only 4 left",CN,si,https://www.aliexpress.us/item/3256813017775920.html
quilted car basket,3256812299967467,Collapsible Black Car Trash Can Pack Trash Bag Rubbish Waste Bin for Little Leak Proof Car Cooler Bag Garbage ,1.09,7.55,85,1 sold,,New shoppers save $6.46 | Delivery: Oct 04 - 09,CN,si,https://www.aliexpress.us/item/3256812299967467.html
mouse repellent pouch,3256812260921039,"Rodent Repellent, 10Pack-Mouse Repellent Pouches, Mice Repellent Indoor, Rat Repellent for House, Extra-Streng",16.59,63.81,74,9 sold,,"Early bird deal, only 1 left | Free shipping",US,si,https://www.aliexpress.us/item/3256812260921039.html
mouse repellent pouch,3256812190584640,"Pest Control Pouches Mosquito Repellent Mice, Rats, Ants, Cockroaches, Moths, and Other pests Peppermint Oil M",19.26,101.37,81,2 sold,,"Early bird deal, only 4 left | Free shipping",US,si,https://www.aliexpress.us/item/3256812190584640.html
mouse repellent pouch,3256812562689579,"20 Pack Rodent Mouse Repellent Pouches Peppermint Oil to Repel Mice and Rats, Mouse Repeller Pest Repellent Po",25.34,101.37,75,3 sold,,"Early bird deal, only 2 left | Free shipping",US,si,https://www.aliexpress.us/item/3256812562689579.html
mouse repellent pouch,3256812408071561,"Mouse Rodent Repellent, 10 Pack Peppermint Lemon Mice Repellent for Squirrel Rats Spider Pests, Natural Deterr",10.01,38.44,73,29 sold,4.9,New shoppers save $28.43 | Lowest price in 90 days,US,si,https://www.aliexpress.us/item/3256812408071561.html
mouse repellent pouch,3256806104269160,Self Adhesive Laptop Rear Storage Bag for Mouse Digital Hard Drive Pen Pocket Pouch Laptop Accessories,,,,"2,000+ sold",4.8,,,,https://www.aliexpress.us/item/3256806104269160.html
mouse repellent pouch,3256810385324659,1PC Wireless Mouse Storage Bag Suitable Mouse Protective Leather Sleeve Bag Anti-scratch Case Portable Simple ,1.09,5.61,80,79 sold,5,New shoppers save $4.52 | Lowest price in 90 days,CN,si,https://www.aliexpress.us/item/3256810385324659.html
mouse repellent pouch,3256809743500926,1PC Wireless Mouse Storage Bag Suitable Mouse Protective Leather Sleeve Bag Anti-scratch Case Portable Simple ,1.09,5.57,80,322 sold,4.5,New shoppers save $4.48 | Lowest price in 90 days,CN,si,https://www.aliexpress.us/item/3256809743500926.html
mouse repellent pouch,3256812732035494,"Rodent Repellent Balls, 48 PCS Rodent Control, Natural Mouse Repellent Peppermint Oil for Mice, Rats, Squirrel",29.62,77.34,61,14 sold,5,New shoppers save $47.72,US,si,https://www.aliexpress.us/item/3256812732035494.html
mouse repellent pouch,3256807077115437,Carrying Bag Gaming Mouse Storage Box Case Pouch Shockproof Waterproof Accessories Travel for Logitech MX Mast,,,,"2,000+ sold",4.7,,,,https://www.aliexpress.us/item/3256807077115437.html
mouse repellent pouch,3256811586795529,"External Adhesive Laptop Back Mouse Sleeve Storage Cover Bag Pocket, Digital Hard Drive Carrying Case, Sticker",,,,80 sold,5,,,,https://www.aliexpress.us/item/3256811586795529.html
mouse repellent pouch,3256812074343498,Sticker Wallet Pouch External Adhesive Laptop Back Mouse Sleeve Digital Hard Drive Carrying Case Storage Cover,1.09,8.88,87,31 sold,5,New shoppers save $7.79 | Delivery: Oct 04 - 09,CN,si,https://www.aliexpress.us/item/3256812074343498.html
mouse repellent pouch,3256810611319068,Protective Mouse Bag For Wireless Mouse Bag Shockproof Carrying Bag Mouse Storage Box Accessories Hard Storage,1.09,9.03,87,133 sold,4.8,"$1.04 each, ≥ 2 pieces | New shoppers save $7.94",CN,si,https://www.aliexpress.us/item/3256810611319068.html
mouse repellent pouch,3256806538037014,"Universal Self-Adhesive Mouse Pouch Mouse Holder for Wireless Mouse, Mouse Sleeve for Laptop, Reusable Adhesiv",1.09,4.28,74,63 sold,3.7,New shoppers save $3.19,CN,si,https://www.aliexpress.us/item/3256806538037014.html
mouse repellent pouch,3256807088536068,Mouse Carrying Bag for Logitech MX Anywhere 3/2/2S/1 Generation Gaming Mouse Mice Bag Waterproof Protective Ca,,,,118 sold,4.7,,,,https://www.aliexpress.us/item/3256807088536068.html
mouse repellent pouch,3256812591812980,★▲Sticker Wallet Pouch External Adhesive Laptop Back Mouse Sleeve Digital Hard Drive Carrying Case Storage Cov,1.09,9.67,88,10 sold,5,New shoppers save $8.58 | Delivery: Oct 04 - 09,CN,si,https://www.aliexpress.us/item/3256812591812980.html
mouse repellent pouch,3256809778957315,1/2Pcs Wireless Mouse Storage Bag PU Leather Protective Sleeve Bag Anti-scratch Case Small Items Storage Pouch,,,,700+ sold,4.7,,,,https://www.aliexpress.us/item/3256809778957315.html
mouse repellent pouch,3256810508076462,Portable EVA Hard Shell Mouse Storage Case Wireless Gaming Mouse Travel Zipper Bag Anti-slip Protective Pouch,2.11,14.81,85,7 sold,5,"$2.01 each, ≥ 2 pieces | New shoppers save $12.7",CN,si,https://www.aliexpress.us/item/3256810508076462.html
mouse repellent pouch,3256810403837489,Slim Mouse Holder for Laptop Universal Stick-On Mouse Pouches with Reusable Adhesive Mouse Pocket Reusable Mou,1.09,10.45,89,147 sold,4.6,"$1.04 each, ≥ 2 pieces | New shoppers save $9.36",CN,si,https://www.aliexpress.us/item/3256810403837489.html
mouse repellent pouch,3256812599212469,[NC]Portable Wireless Mouse Protective Bag Case Cover Mice Protector For Magic Mouse For Mouse[NC],1.09,7.15,84,3 sold,,New shoppers save $6.06 | Delivery: Oct 04 - 09,CN,si,https://www.aliexpress.us/item/3256812599212469.html
mouse repellent pouch,3256806869107007,Sticker Pouch Holder External Adhesive Laptop Back Mouse Sleeve Digital Hard Drive Carrying Case Storage Cover,,,,147 sold,4.8,,,,https://www.aliexpress.us/item/3256806869107007.html
mouse repellent pouch,3256812755971076,EVA Carrying Case Shockproof Wear Resistant Wireless Mouse Storage Bag Upgrade Version No Shake for Logitech M,1.09,11.42,90,4 sold,5,New shoppers save $10.33 | Delivery: Oct 04 - 09,CN,si,https://www.aliexpress.us/item/3256812755971076.html
mouse repellent pouch,3256810024172489,"Reusable Adhesive Mouse Pouch For Laptop, Universal Stick-On Wireless Mouse Holder For MacBook, Tablet, No Glu",1.09,9.2,88,48 sold,4.3,"$1.04 each, ≥ 2 pieces | New shoppers save $8.11",CN,si,https://www.aliexpress.us/item/3256810024172489.html
mouse repellent pouch,3256809436383909,Portable Sleeve Pouch Mouse Holder for Laptop Tablet Wireless Mice Adhesive Elastic Case Slim Lycra Fabric Poc,3.62,7.38,51,4 sold,5,,CN,si,https://www.aliexpress.us/item/3256809436383909.html
mouse repellent pouch,3256812344744572,Eva Storage Bag Wireless Mice Accessories Travel Protection Bags with Hand Rope Mouse Carrying Case Portable Z,1.09,5.82,81,2 sold,5,New shoppers save $4.73,CN,si,https://www.aliexpress.us/item/3256812344744572.html
mouse repellent pouch,3256808478798177,Portable Storage Bag Pouch Double Zipper Waterproof Wireless Mouse Carrying Case Scratch Proof for Logitech M2,1.7,15.4,88,7 sold,5,New shoppers save $13.7 | Delivery: Oct 04 - 09,CN,si,https://www.aliexpress.us/item/3256808478798177.html
mouse repellent pouch,3256812728549189,PU Leather Wireless Mouse Storage Bag Dustproof Anti-scratch Mouse Bag Small Items Storage Pouch Protective Sl,1.27,1.69,25,1 sold,,,CN,si,https://www.aliexpress.us/item/3256812728549189.html
mouse repellent pouch,3256811596657867,Wireless Mouse Case Waterproof Shock Resistant Black Wireless Gaming Mouse EVA Travel Case for Razer Basilisk ,2.73,17.46,84,9 sold,5,New shoppers save $14.73 | Delivery: Oct 04 - 09,CN,si,https://www.aliexpress.us/item/3256811596657867.html
mouse repellent pouch,3256813059523054,Hard EVA Mouse Carrying Case Soft Inner Lining Mesh Pocket Travel Protective Pouch Shock Proof for Logitech MX,3.84,6,36,,,,CN,si,https://www.aliexpress.us/item/3256813059523054.html
mouse repellent pouch,3256813064580344,Hard EVA Mouse Carrying Case Shock Proof Mesh Pocket Portable Storage Bag Soft Inner Lining for Logitech MX An,5.48,9.13,40,,,,CN,si,https://www.aliexpress.us/item/3256813064580344.html
mouse repellent pouch,3256806307573539,EVA Carrying Bag Waterproof Protection Box Wireless Mouse Storage Box Case Pouch for Logitech M650L MX/LIFT Ve,1.15,7.15,83,164 sold,4.6,New shoppers save $6,CN,si,https://www.aliexpress.us/item/3256806307573539.html
mouse repellent pouch,3256807336832601,Waterproof Keyboard Mouse Storage Bag Dustproof Anti-Shock Wireless Keyboard Sleeve Case Universal Mechanical ,20.45,,,7 sold,5,,CN,si,https://www.aliexpress.us/item/3256807336832601.html
mouse repellent pouch,3256812299217488,Carrying Case for Razer Viper V4 Pro/V3 Pro Mouse Shockproof Protective Pouch with Removable Strap Mesh Pocket,17.4,23.2,25,1 sold,5,Extra 2% off with coins,CN,si,https://www.aliexpress.us/item/3256812299217488.html
mouse repellent pouch,3256812424423433,For Logitech Pop Keys Keyboards & Mouse Combo Bag with Fixed Strap Shockproof Carrying Hard Shell Anti-Scratch,13.88,19.88,30,2 sold,5,New shoppers save $6,CN,si,https://www.aliexpress.us/item/3256812424423433.html
mouse repellent pouch,3256806974626570,"Universal Stick-On Mouse Pouch, Mouse Holder for Wireless Mouse, Mouse Sleeve for Laptop, Reusable Adhesive, N",1.09,8.76,87,144 sold,3.9,New shoppers save $7.67 | Lowest price in 90 days,CN,si,https://www.aliexpress.us/item/3256806974626570.html
mouse repellent pouch,3256807921897201,Self Adhesive Storage Bag for Notebook Mouse Digital Hard Drive Pen Pocket Pouch Laptop Traceless Elastic Mous,1.09,5.07,78,26 sold,5,New shoppers save $3.98 | Lowest price in 90 days,CN,si,https://www.aliexpress.us/item/3256807921897201.html
mouse repellent pouch,3256810626012401,﻿ 1pc Slim Mouse Holder for Laptop Universal Stick-On Mouse Pouches with Reusable Adhesive Mouse Pocket Reusab,1.09,12.75,91,8 sold,5,New shoppers save $11.66 | Delivery: Oct 04 - 09,CN,si,https://www.aliexpress.us/item/3256810626012401.html
mouse repellent pouch,3256812629810794,[NC]Universal Mouse Storage Bag Mouse Case Pouch Cover Waterproof Shockproof Box[NC],1.8,13.89,86,1 sold,,New shoppers save $12.09 | Delivery: Oct 04 - 09,CN,si,https://www.aliexpress.us/item/3256812629810794.html
mouse repellent pouch,3256811473735985,2026 new Self Adhesive Laptop Rear Storage Bag for Mouse Digital Hard Drive Pen Pocket Pouch Laptop Accessorie,1.09,9.13,88,23 sold,5,New shoppers save $8.04 | Lowest price in 90 days,CN,si,https://www.aliexpress.us/item/3256811473735985.html
mouse repellent pouch,3256811815879410,Portable Mouse Zipper Storage Case EVA Hard Shell Wireless Gaming Mouse Travel Bag Anti-slip Protective Pouch,3.68,17.35,78,1 sold,,New shoppers save $13.67 | Delivery: Oct 04 - 09,CN,si,https://www.aliexpress.us/item/3256811815879410.html
mouse repellent pouch,3256805399596886,Hard EVA Case Mouse Pouch for Logitech G502 X Gaming Mouse Storage Bag with Inner Pockage,4.09,5.52,26,52 sold,4.5,,CN,si,https://www.aliexpress.us/item/3256805399596886.html
mouse repellent pouch,3256806782832917,Sticker Pouch Holder External Adhesive Laptop Back Mouse Sleeve Digital Hard Drive Carrying Case Storage Cover,,,,314 sold,4.7,,,,https://www.aliexpress.us/item/3256806782832917.html
mouse repellent pouch,3256809814795469,1PC Wireless Mouse Storage Bag Suitable Mouse Protective Leather Sleeve Bag Anti-scratch Case Portable Simple ,1.09,6.03,82,29 sold,4.7,New shoppers save $4.94 | Delivery: Oct 04 - 09,CN,si,https://www.aliexpress.us/item/3256809814795469.html
mouse repellent pouch,3256808556568734,Portable Wireless Mouse Protective Bag Case Cover Mice Protector For Magic Mouse For Mouse For Macbook,1.09,2.63,58,359 sold,4.8,New shoppers save $1.54,CN,si,https://www.aliexpress.us/item/3256808556568734.html
mouse repellent pouch,3256812782378920,EVA Carrying Bag Waterproof Gaming Mouse Storage Box Case Pouch Mouse Cover Protective Case for Logitech Pebbl,5.39,,,,,,CN,si,https://www.aliexpress.us/item/3256812782378920.html
mouse repellent pouch,3256812761453782,Eva Travel Protection Bags Wireless Mice Accessories Mouse Carrying Case with Hand Rope Mouse Pouch Portable Z,6.12,,,,,,CN,si,https://www.aliexpress.us/item/3256812761453782.html
mouse repellent pouch,3256812601615202,EVA Carrying Bag Shockproof Portable Storage Bag Waterproof Wireless Mouse Storage Box Case Pouch for Logitech,1.09,6.35,82,1 sold,,New shoppers save $5.26,CN,si,https://www.aliexpress.us/item/3256812601615202.html
mouse repellent pouch,3256812255890837,Eva Carrying Cover Wireless Mice Accessories Travel Protection Bags Shockproof Mouse Carrying Case Portable Zi,17.62,,,10 sold,,Free shipping,CN,si,https://www.aliexpress.us/item/3256812255890837.html
mouse repellent pouch,3256813062764794,Eva Carrying Pouch Wireless Mice Accessories Travel Storage Bag with Hand Rope Mouse Carrying Case Portable Zi,5.51,,,,,,CN,si,https://www.aliexpress.us/item/3256813062764794.html
mouse repellent pouch,3256812849175512,Travel Carrying Case EVA Carrying Bag Shockproof Wireless Mouse Storage Box Case Pouch for Logitech MX M650L M,6.36,,,,,,CN,si,https://www.aliexpress.us/item/3256812849175512.html
mouse repellent pouch,3256812733124924,Padded Protection Mouse Storage Pouch Convertible Mouse Pad Zipper Closure Mouse Travel Case Wrist Strap Mouse,2.06,3.22,36,2 sold,,,CN,si,https://www.aliexpress.us/item/3256812733124924.html
mouse repellent pouch,3256812750060255,EVA Carrying Bag Waterproof Travel Carrying Case Wireless Mouse Storage Box Case Pouch for Lift Vertical Ergon,8.11,,,,,,CN,si,https://www.aliexpress.us/item/3256812750060255.html
mouse repellent pouch,3256809798191527,Self Adhesive Laptop Rear Storage Bag for Mouse Digital Hard Drive Pen Pocket Pouch Laptop Accessories,1.09,9.01,87,5 sold,,New shoppers save $7.92 | Delivery: Oct 04 - 09,CN,si,https://www.aliexpress.us/item/3256809798191527.html
mouse repellent pouch,3256812981165548,Black EVA Zippers Travel Carrying Protections Case Sleeve Pouches Cover for A980Pro Mouse,4.81,7.29,34,,,,CN,si,https://www.aliexpress.us/item/3256812981165548.html
mouse repellent pouch,3256812743864622,"Wireless Mouse Storage Bag PU Leather Protective Sleeve, Anti‑Scratch Case for Small‑Item Women’s Need Storage",1.09,4.6,76,8 sold,,New shoppers save $3.51 | Delivery: Oct 04 - 09,CN,si,https://www.aliexpress.us/item/3256812743864622.html
mouse repellent pouch,3256812881463787,Laptop Supplies Elastic Mouse Bag Adhesive Storage Pouch Laptop Back Storage Bag Organizer Holder Notebooks Ba,4.82,13.77,65,,,Extra 5% off with coins,CN,si,https://www.aliexpress.us/item/3256812881463787.html
mouse repellent pouch,3256807322643191,30 Bags Bird Repellent Drive Away Birds Rabbits Sheep Mice Protect Plant Prevent Animals From Biting Leave See,11.96,26.57,55,,,,CN,si,https://www.aliexpress.us/item/3256807322643191.html
mouse repellent pouch,3256812281389600,Handmade Durable Pouch Cover Bag Apple Magic Mouse Anti-Scratch Shockproof Vintage Genuine Cow Leather Mouse P,14.69,24.49,40,,,,CN,si,https://www.aliexpress.us/item/3256812281389600.html
mouse repellent pouch,3256810091800173,IVBX EVA Hard Case Mouse Bags Travel Portable Protect Pouch For Logitech MX Master 4/3S/3/2S/2,1.09,6.01,81,"1,000+ sold",4.8,New shoppers save $4.92,CN,si,https://www.aliexpress.us/item/3256810091800173.html
mouse repellent pouch,3256812291219953,1/2Pcs Wireless Mouse Storage Bag PU Leather Protective Sleeve Bag Anti-scratch Case Small Items Storage Pouch,1.09,12.81,91,1 sold,,New shoppers save $11.72 | Delivery: Oct 04 - 09,CN,si,https://www.aliexpress.us/item/3256812291219953.html
mouse repellent pouch,3256806541473572,Carrying Bag Gaming Mouse Storage Box Case Pouch Shockproof Waterproof Accessories Travel for Logitech MX Mast,2.33,7.99,70,"2,000+ sold",4.9,Delivery: Oct 04 - 09,CN,si,https://www.aliexpress.us/item/3256806541473572.html
