consulta,posicion,producto,precio,estrellas,resenas,comprados_mes,patrocinado,url
mouse repellent pouches,1,"Sponsored Ad - Mouse Rodent Repellent, Peppermint Oil, Indoor Outdoor, 24 Pack",25.99,4.3,55,200+,sí,https://www.amazon.com/dp/B0H155P1KH
mouse repellent pouches,2,"Sponsored Ad - Rodent Repellent Pouches, 24 Pack Peppermint Oil Mouse Repellent",27.99,5.0,27,100+,sí,https://www.amazon.com/dp/B0H71JFLT8
mouse repellent pouches,3,"Sponsored Ad - LAQDECDV Pest Away Repellent 16P, Mouse Repellent Pouches, Mice Repellent",33.99,5.0,39,100+,sí,https://www.amazon.com/dp/B0H8D6G5Y9
mouse repellent pouches,4,"Sponsored Ad - Rodent Repellent Pouches 12-Pack Mouse Repellent for Home RV Garage Car Basement, Mice Indoor & Outdoor Deterrent, Peppermint",49.99,3.1,529,10K+,sí,https://www.amazon.com/dp/B0GMYLJSKV
mouse repellent pouches,5,"Grandpa Gus's Mouse Repellent Pouches, Peppermint & Cinnamon, Pack of 10",32.99,4.1,"29,129",20K+,,https://www.amazon.com/dp/B07JMDYDVJ
mouse repellent pouches,6,"Pest Rodent Repellent Pouches, Peppermint Oil for Mouse, Roach, Ant, Spider, Squirrel, Mice, Rats, Pest Control Indoor Outdoor, Natural Mous",26.99,4.6,475,20K+,,https://www.amazon.com/dp/B0GZZY4HT6
mouse repellent pouches,7,Reliant Pet Mouse Repellent Pouches - Rodent Repellent Made in USA (12 Pouches) - Keep Rodents Out of Cars Engines - Mice Repellent Indoor a,24.95,4.2,496,2K+,,https://www.amazon.com/dp/B0DDNSN224
mouse repellent pouches,8,"Rodent Repellent Pouches 12-Pack Mouse Repellent for Home RV Garage Car Basement, Mice Indoor & Outdoor Deterrent, Peppermint Cinnamon Cedar",49.99,3.1,529,10K+,,https://www.amazon.com/dp/B0GMYLJSKV
mouse repellent pouches,9,"Rodent Away Repellent Pouches, Mouse Repellent Indoor & Outdoor- 12 Packs",28.99,5.0,30,600+,,https://www.amazon.com/dp/B0H7HY5CBT
mouse repellent pouches,10,"Mouse Rodent Repellent,32 Pack Peppermint Oil Mouse Traps for Rat Mice, Ant, Roach, Spider, Squirrel, Nature Mouse Deterrent for Indoor Outd",29.99,4.7,48,2K+,,https://www.amazon.com/dp/B0HCBVQHBN
mouse repellent pouches,11,Sponsored Ad - BugMD Vamoose! Plus Peppermint Oil Mouse Repellent (4 Pouches),29.99,4.0,"3,969",10K+,sí,https://www.amazon.com/dp/B0FD6QLK23
mouse repellent pouches,12,"Sponsored Ad - 32PCS Rodent Repellent, Natural Peppermint Oil for Mice, Peppermint",17.75,3.6,"1,257",5K+,sí,https://www.amazon.com/dp/B0G3VC6FB2
mouse repellent pouches,13,"Sponsored Ad - Ultrasonic Pest Rodent Repellent, Mouse Squirrel Ant Roach Spider Repellent",35.99,4.2,70,,sí,https://www.amazon.com/dp/B0HF4Z6F8P
mouse repellent pouches,14,"Sponsored Ad - Rodent Repellent for Mouse & Rats, 1.41 Oz 24pc, Indoor & Outdoor Use",29.99,5.0,11,,sí,https://www.amazon.com/dp/B0HKQQ4HQZ
mouse repellent pouches,15,"Grandpa Gus's Mouse Repellent Pouches, Peppermint & Cinnamon, Pack of 16",44.99,4.1,"29,129",5K+,,https://www.amazon.com/dp/B07SSDHLQ8
mouse repellent pouches,16,"Rodent Away Repellent Pouches, Mouse Repellent Indoor & Outdoor- 16 Packs",34.99,5.0,30,300+,,https://www.amazon.com/dp/B0H7MGKVYN
mouse repellent pouches,17,BugMD Vamoose! Plus Peppermint Oil Mouse Repellent (8 Pouches),44.99,4.0,"3,969",10K+,,https://www.amazon.com/dp/B0FD75NVMF
mouse repellent pouches,18,"Grandpa Gus's Mouse Repellent Pouches, Peppermint & Cinnamon, 40 Pouches",89.99,4.1,"29,129",2K+,,https://www.amazon.com/dp/B0D4F8DN84
mouse repellent pouches,19,"Sponsored Ad - Lickoon Mouse Repellent 24 Pouches, Rodent Repellent for Indoor & Outdoor",32.99,5.0,11,600+,sí,https://www.amazon.com/dp/B0H756JY7F
mouse repellent pouches,20,"Sponsored Ad - Rodent Away Repellent Pouches, Mouse Repellent Indoor & Outdoor- 16 Packs",34.99,5.0,30,300+,sí,https://www.amazon.com/dp/B0H7MGKVYN
mouse repellent pouches,21,"Sponsored Ad - Rodent Away Repellent Indoor & Outdoor, Mouse Repellent Pouches - 16 Packs",32.99,5.0,15,200+,sí,https://www.amazon.com/dp/B0H69RS6GR
mouse repellent pouches,22,"Sponsored Ad - LEBMP Rodent Away Repellent, Mouse Repellent Pouches, Mice Repellent-12P",29.99,,,50+,sí,https://www.amazon.com/dp/B0H87YS4ST
mouse repellent pouches,23,"Grandpa Gus's Mouse Repellent Pouches, Peppermint & Cinnamon, 4 Pouches",19.69,4.1,"29,129",2K+,,https://www.amazon.com/dp/B01HTZLAG6
mouse repellent pouches,24,BugMD Vamoose! Plus Peppermint Oil Mouse Repellent (16 Pouches),69.99,4.0,"3,969",9K+,,https://www.amazon.com/dp/B0FD6LGVJR
mouse repellent pouches,25,BugMD Vamoose! Plus Peppermint Oil Mouse Repellent (4 Pouches),29.99,4.0,"3,969",10K+,,https://www.amazon.com/dp/B0FD6QLK23
mouse repellent pouches,26,"Lickoon Mouse Repellent 24 Pouches, Rodent Repellent for Indoor & Outdoor",32.99,5.0,11,600+,,https://www.amazon.com/dp/B0H756JY7F
mouse repellent pouches,27,"Mighty Mint Mouse Repellent Pouches with Glue Dots, 12 Count",29.99,4.0,"4,207",3K+,,https://www.amazon.com/dp/B0DK9Y2LTR
mouse repellent pouches,28,"LEBMP Rodent Away Repellent, Mouse Repellent Pouches, Mice Repellent-12P",29.99,,,50+,,https://www.amazon.com/dp/B0H87YS4ST
mouse repellent pouches,29,"LAQDECDV Rodent Away Repellent, Mice & Mouse Repellent Pouches-20P",44.99,,,,,https://www.amazon.com/dp/B0H8P9JPPV
mouse repellent pouches,30,"Rodent Repellent for Mouse & Rats, 1.41 Oz 24pc, Indoor & Outdoor Use",19.99,4.5,432,2K+,,https://www.amazon.com/dp/B0HF739B6V
mouse repellent pouches,31,"Grandpa Gus's Mouse Repellent Pouches, Peppermint & Cinnamon, 30 Pouches",72.66,4.1,"29,129",300+,,https://www.amazon.com/dp/B0C6B2JSKV
mouse repellent pouches,32,"Pest Repellent,Rodent Away Repellent Indoor/Outdoor,Mouse Repellent-16Packs",35.99,5.0,9,300+,,https://www.amazon.com/dp/B0H5WH8TPH
mouse repellent pouches,33,"28 Pack Mouse Repellent Tablets, Rodent Repellent with Peppermint Oil",21.99,4.8,21,,,https://www.amazon.com/dp/B0H2832JZF
mouse repellent pouches,34,"EarthKind EMW7208598 Fresh Cab Rodent, Rats and Mice Repellent With Blend Of Plant Fiber and Botanical Extracts For Use On The Farm, Industr",22.99,4.3,"1,825",1K+,,https://www.amazon.com/dp/B0119AY5FU
mouse repellent pouches,35,"Fresh Cab Botanical Rodent Repellent - Environmentally Friendly, Keeps Mice Out, 4 Scent Pouches",19.50,4.3,"14,206",2K+,,https://www.amazon.com/dp/B00L236OMW
mouse repellent pouches,36,"Rodent Away Repellent Indoor & Outdoor, Mouse Repellent Pouches - 20 Packs",37.99,5.0,2,200+,,https://www.amazon.com/dp/B0H69YQF1D
mouse repellent pouches,37,"Fresh Cab Botanical Rodent Repellent - Environmentally Friendly, Keeps Mice Out, 12 Scent Pouches",47.99,4.4,"3,118",2K+,,https://www.amazon.com/dp/B07CNR241T
mouse repellent pouches,38,"Bonide Mouse Magic Mouse Repellent Scent Packs, 12 Packs",26.99,4.1,"1,747",1K+,,https://www.amazon.com/dp/B001VJ2DDG
mouse repellent pouches,39,"Fresh Cab Botanical Rodent Repellent - Environmentally Friendly, Keeps Mice Out, 24 Scent Pouches (6 Packs of 4)",91.99,4.4,"3,118",300+,,https://www.amazon.com/dp/B0B78355CP
mouse repellent pouches,40,"Fresh Cab FC6 Botanical Rodent Repellent Keeps Mice and Rats Out, Federal EPA Registered for Use Indoors and in Enclosed Spaces, 2.5 Ounce x",64.99,4.3,"14,206",1K+,,https://www.amazon.com/dp/B01LWL8KZW
mouse repellent pouches,41,"Mouse Repellent Pouches with Peppermint Oil: Natural Rodent Repellent Indoor to Get Rid of Rats, Mice, Squirrels - Safe for Pets and Kids, R",24.99,4.9,37,,,https://www.amazon.com/dp/B0GQJL9JC5
mouse repellent pouches,42,"Mighty Mint Mouse Repellent Pouches, 12 Count Pack of 2",50.99,4.0,"4,207",300+,,https://www.amazon.com/dp/B0F1DZ56Y5
mouse repellent pouches,43,Victor M805 Scent-Away Natural Rodent Repeller – Peppermint Oil Mouse and Rat Repellent – 5 High-Strength Rodent Repelling Sachets Included,8.99,3.8,"4,693",1K+,,https://www.amazon.com/dp/B00SVHTDZM
mouse repellent pouches,44,10 Pack All-Natural Mice Repellent Pouches – Harmless Peppermint Essential Oil Mouse Deterrent - Keep Mice Out of Your Home and Your Family ,29.99,3.8,"1,663",1K+,,https://www.amazon.com/dp/B0B4TBLL1M
mouse repellent pouches,45,"Pest Repellent, Rodent Repellent Indoor, Mouse Repellent Outdoor, Mice Repellent Indoor, Naturally Repel Rats, Mouse, Ants, Roach, Spider Re",29.99,5.0,1,100+,,https://www.amazon.com/dp/B0GMMKL18M
mouse repellent pouches,46,20 PCS Natural Peppermint Oil Mouse Repellent Balls Pest Control Repeller,18.99,4.8,33,1K+,,https://www.amazon.com/dp/B0H5WD4H6H
mouse repellent pouches,47,"Extra-Strength Mouse Repellent Deterrent Pouches, USDA 99% Biobased, Peppermint & Rosemary Oils Repel Mice Nesting in Car, RV, Boat, Garage,",47.99,4.1,527,2K+,,https://www.amazon.com/dp/B0D3P3BDSB
mouse repellent pouches,48,"Fresh Cab Rodent Repellent; Quickly Repelling Pests from Treated Areas; Preventing Re-Infestation for up To 3 Months; Safe for Children, Pet",34.99,4.3,"14,206",1K+,,https://www.amazon.com/dp/B016QJP0DU
mouse repellent pouches,49,"10 Pack Mouse Repellent Pouches,Natural Pest Control Pouches for Mice,Rats,Spiders,Safe for Your Pets and Family,Rodents Repellant for House",14.55,3.5,11,1K+,,https://www.amazon.com/dp/B0GWYFS48R
mouse repellent pouches,50,"Victor Scent-Away Mouse Repellent Pouches 10-Pack, Natural Rodent Deterrent",17.49,4.1,478,1K+,,https://www.amazon.com/dp/B0DH58VZ26
mouse repellent pouches,51,"24 Pack Mouse Rodent Repellent, Peppermint Oil Balls for Mice Rodent Deterrent,Natural Pest Control Pouches for Cockroach, Spider and Pests,",14.55,3.3,16,,,https://www.amazon.com/dp/B0GQNW8MNQ
mouse repellent pouches,52,"Pest Block Pouches for Silverfish, Spiders, Roaches, Ants, and Rodents",34.95,3.8,"7,537",800+,,https://www.amazon.com/dp/B019G1TXII
mouse repellent pouches,53,"Moens Farm Pack All in One Rodent Repellent, Mice Repellent Indoor/Outdoor, Mouse Repellent Pouches, Rat Repellent for Home, Mouse Pouch Det",67.99,4.7,219,500+,,https://www.amazon.com/dp/B07YBD6QMK
mouse repellent pouches,54,"Mouse Repellent Pouches | Peppermint Oil Rodent Repeller | Natural Pest Control for Rats Squirrels Insects, Indoor Outdoor Mouse Deterrent, ",24.99,4.8,436,400+,,https://www.amazon.com/dp/B0GSY1TVX1
mouse repellent pouches,55,"Pest Rodent Repellent Pouches, Peppermint Oil for Mouse, Roach, Ant, Spider, Squirrel, Mice, Rats, Pest Control Indoor Outdoor, Natural Mous",39.99,4.6,475,2K+,,https://www.amazon.com/dp/B0GXZV11SG
mouse repellent pouches,56,12Pack Botanical Rodent Repellent Pouches Natural Mouse Repellent Pouches,19.95,3.8,186,100+,,https://www.amazon.com/dp/B0F89GBZMC
mouse repellent pouches,57,"Pest Control Pouches, 12 Pack Peppermint Oil for Mice Rodent Rats Squirrel Pests Repellent Indoor Outdoor Use, Rodent Mouse Rat Deterrent Fa",23.99,5.0,6,300+,,https://www.amazon.com/dp/B0HDBF2QJ5
mouse repellent pouches,58,"Mouse Repellent 36 Balls, Peppermint Rodent Repellent for Indoor & Outdoor Use, Long-Lasting Safe Mice Deterrent, Natural Effective Moth Bal",22.94,4.3,"1,076",4K+,,https://www.amazon.com/dp/B0FXFGMD7Z
mouse repellent pouches,59,"Mouse Rodent Repellent, Peppermint Oil, Indoor Outdoor, 24 Pack",25.99,4.3,55,200+,,https://www.amazon.com/dp/B0H155P1KH
mouse repellent pouches,60,"Mouse Repellent Pouches,30 Pack Rodent Repellent,Indoor Use Mice Deterrent",29.99,4.0,199,600+,,https://www.amazon.com/dp/B0FK9RD4W4
peppermint rodent repellent pouches,1,"Sponsored Ad - 32PCS Rodent Repellent, Natural Peppermint Oil for Mice, Peppermint",17.75,3.6,"1,257",5K+,sí,https://www.amazon.com/dp/B0G3VC6FB2
peppermint rodent repellent pouches,2,"Sponsored Ad - Rodent Repellent Pouches, 24 Pack Peppermint Oil Mouse Repellent",27.99,5.0,27,100+,sí,https://www.amazon.com/dp/B0H71JFLT8
peppermint rodent repellent pouches,3,"Sponsored Ad - Rodent Repellent Pouches 12-Pack Mouse Repellent for Home RV Garage Car Basement, Mice Indoor & Outdoor Deterrent, Peppermint",49.99,3.1,529,10K+,sí,https://www.amazon.com/dp/B0GMYLJSKV
peppermint rodent repellent pouches,4,"Sponsored Ad - Mighty Mint Mouse Repellent Pouches with Glue Dots, 12 Count",29.99,4.0,"4,207",3K+,sí,https://www.amazon.com/dp/B0DK9Y2LTR
peppermint rodent repellent pouches,5,"Pest Rodent Repellent Pouches, Peppermint Oil for Mouse, Roach, Ant, Spider, Squirrel, Mice, Rats, Pest Control Indoor Outdoor, Natural Mous",26.99,4.6,475,20K+,,https://www.amazon.com/dp/B0GZZY4HT6
peppermint rodent repellent pouches,6,"Grandpa Gus's Mouse Repellent Pouches, Peppermint & Cinnamon, Pack of 10",32.99,4.1,"29,129",20K+,,https://www.amazon.com/dp/B07JMDYDVJ
peppermint rodent repellent pouches,7,"32PCS Rodent Repellent, Natural Peppermint Oil for Mice, Peppermint",17.75,3.6,"1,257",5K+,,https://www.amazon.com/dp/B0G3VC6FB2
peppermint rodent repellent pouches,8,"Mouse Repellent Pouches with Peppermint Oil: Natural Rodent Repellent Indoor to Get Rid of Rats, Mice, Squirrels - Safe for Pets and Kids, R",24.99,4.9,37,,,https://www.amazon.com/dp/B0GQJL9JC5
peppermint rodent repellent pouches,9,"Pest Rodent Repellent, 24 Pack Peppermint Oil Repellent for Mouse Rats Spider Roach Ant Squirrel Pest Control Indoor & Outdoor, Natural Mice",21.59,4.2,"2,384",10K+,,https://www.amazon.com/dp/B0FVLPXRNY
peppermint rodent repellent pouches,10,"Mighty Mint Mouse Repellent Pouches with Glue Dots, 12 Count",29.99,4.0,"4,207",3K+,,https://www.amazon.com/dp/B0DK9Y2LTR
peppermint rodent repellent pouches,11,"Sponsored Ad - Lickoon Mouse Repellent 24 Pouches, Rodent Repellent for Indoor & Outdoor",32.99,5.0,11,600+,sí,https://www.amazon.com/dp/B0H756JY7F
peppermint rodent repellent pouches,12,Sponsored Ad - BugMD Vamoose! Plus Peppermint Oil Mouse Repellent (4 Pouches),29.99,4.0,"3,969",10K+,sí,https://www.amazon.com/dp/B0FD6QLK23
peppermint rodent repellent pouches,13,"Sponsored Ad - LEBMP Rodent Away Repellent, Mouse Repellent Pouches, Mice Repellent-12P",29.99,,,50+,sí,https://www.amazon.com/dp/B0H87YS4ST
peppermint rodent repellent pouches,14,"Sponsored Ad - LAQDECDV Pest Away Repellent 16P, Mouse Repellent Pouches, Mice Repellent",33.99,5.0,39,100+,sí,https://www.amazon.com/dp/B0H8D6G5Y9
peppermint rodent repellent pouches,15,"Mighty Mint Peppermint Oil Rodent Repellent Spray, 1 Gallon (128 oz)",32.28,4.2,"39,800",10K+,,https://www.amazon.com/dp/B07TPBQSVP
peppermint rodent repellent pouches,16,"28 Pack Mouse Repellent Tablets, Rodent Repellent with Peppermint Oil",21.99,4.8,21,,,https://www.amazon.com/dp/B0H2832JZF
peppermint rodent repellent pouches,17,"Mouse Rodent Repellent, Peppermint Oil, Indoor Outdoor, 24 Pack",25.99,4.3,55,200+,,https://www.amazon.com/dp/B0H155P1KH
peppermint rodent repellent pouches,18,"Mouse Repellent Pouches | Peppermint Oil Rodent Repeller | Natural Pest Control for Rats Squirrels Insects, Indoor Outdoor Mouse Deterrent, ",24.99,4.8,436,400+,,https://www.amazon.com/dp/B0GSY1TVX1
peppermint rodent repellent pouches,19,"Sponsored Ad - Pest Control Pouches, 12 Pack Peppermint Oil for Mice Rodent Rats Squirrel Pests Repellent Indoor Outdoor Use, Rodent Mouse R",23.99,5.0,6,300+,sí,https://www.amazon.com/dp/B0HDBF2QJ5
peppermint rodent repellent pouches,20,"Sponsored Ad - Rodent Away Repellent Indoor, Mouse Repellent Outdoor & Indoor - 20 Packs",39.99,5.0,9,200+,sí,https://www.amazon.com/dp/B0H5Q7L4WW
peppermint rodent repellent pouches,21,"Sponsored Ad - Mouse Rodent Repellent, Peppermint Oil, Indoor Outdoor, 24 Pack",25.99,4.3,55,200+,sí,https://www.amazon.com/dp/B0H155P1KH
peppermint rodent repellent pouches,22,Sponsored Ad - 8 Pack Natural Peppermint Mouse Rodent Deterrent Repellent Pouches - Plant-Based Rodent Control for Home- Safe to Use - Long ,16.99,3.2,16,,sí,https://www.amazon.com/dp/B0FPKWHXFS
peppermint rodent repellent pouches,23,"Rodent Repellent Pouches 12-Pack Mouse Repellent for Home RV Garage Car Basement, Mice Indoor & Outdoor Deterrent, Peppermint Cinnamon Cedar",49.99,3.1,529,10K+,,https://www.amazon.com/dp/B0GMYLJSKV
peppermint rodent repellent pouches,24,"10 Pack Mouse Rodent Repellent, Peppermint Lemon Oil Mice Repellent for Squirrel Rats Spider Pests, Natural Deterrent for Kitchen, Warehouse",19.99,4.5,23,,,https://www.amazon.com/dp/B0GVRVHLB2
peppermint rodent repellent pouches,25,"24 Pack Mouse Rodent Repellent, Peppermint Oil Balls for Mice Rodent Deterrent,Natural Pest Control Pouches for Cockroach, Spider and Pests,",14.55,3.3,16,,,https://www.amazon.com/dp/B0GQNW8MNQ
peppermint rodent repellent pouches,26,"Pest Control Pouches, 12 Pack Peppermint Oil for Mice Rodent Rats Squirrel Pests Repellent Indoor Outdoor Use, Rodent Mouse Rat Deterrent Fa",23.99,5.0,6,300+,,https://www.amazon.com/dp/B0HDBF2QJ5
peppermint rodent repellent pouches,27,Peppermint Oil Mouse Repellent Pouches - 32 Pack Rodent Mice Rat Repellent for Indoor and Outdoor and Pest Control-Moth Balls for Rodents Mo,15.99,4.0,10,500+,,https://www.amazon.com/dp/B0GJD9HQLD
peppermint rodent repellent pouches,28,"Victor Scent-Away Mouse Repellent Pouches 10-Pack, Natural Rodent Deterrent",17.49,4.1,478,1K+,,https://www.amazon.com/dp/B0DH58VZ26
peppermint rodent repellent pouches,29,"ELEGENZO Mouse Repellent Pouches with Peppermint Oil - Repels Mice, Rats, Squirrels, Roaches, Ants, Spiders, Moths (1 Count (Pack of 10 Odor",28.99,3.8,9,,,https://www.amazon.com/dp/B0FY466NF2
peppermint rodent repellent pouches,30,"Rodent Mouse Repellent Indoor Outdoor - Peppermint Oil to Repel Mice Mole and Rats, Bug Insect Spider Repellent Pouches, Pest Control Natura",14.99,3.9,177,1K+,,https://www.amazon.com/dp/B0FR7TKQR8
peppermint rodent repellent pouches,31,BugMD Vamoose! Plus Peppermint Oil Mouse Repellent (4 Pouches),29.99,4.0,"3,969",10K+,,https://www.amazon.com/dp/B0FD6QLK23
peppermint rodent repellent pouches,32,"Mouse Rodent Repellent, 24 Pack Peppermint Oil to Repel Mice and Rats– Works for Mice Repellent, Squirrels, Indoor/Outdoor Use, Safe for Hom",17.68,3.9,"1,028",4K+,,https://www.amazon.com/dp/B0F62YTG6V
peppermint rodent repellent pouches,33,"Grandpa Gus's Mouse Repellent Pouches, Peppermint & Cinnamon, 40 Pouches",89.99,4.1,"29,129",2K+,,https://www.amazon.com/dp/B0D4F8DN84
peppermint rodent repellent pouches,34,"Grandpa Gus's Mouse Repellent Pouches, Peppermint & Cinnamon, 4 Pouches",19.69,4.1,"29,129",2K+,,https://www.amazon.com/dp/B01HTZLAG6
peppermint rodent repellent pouches,35,"LEBMP Rodent Away Repellent, Mouse Repellent Pouches, Mice Repellent-16P",36.99,4.2,3,,,https://www.amazon.com/dp/B0H87Q7PZT
peppermint rodent repellent pouches,36,BugMD Vamoose! Plus Peppermint Oil Mouse Repellent (16 Pouches),69.99,4.0,"3,969",9K+,,https://www.amazon.com/dp/B0FD6LGVJR
peppermint rodent repellent pouches,37,"Rodent Repellent 36 Pack, Natural Mouse Repellent Ball Peppermint, Mice Repellent for Indoor & Outdoor, Long-Lasting Rodent Repellent Pouche",26.99,4.1,77,2K+,,https://www.amazon.com/dp/B0H3C4V4F4
peppermint rodent repellent pouches,38,"Grandpa Gus's Mouse Repellent Pouches, Peppermint & Cinnamon, Pack of 16",44.99,4.1,"29,129",5K+,,https://www.amazon.com/dp/B07SSDHLQ8
peppermint rodent repellent pouches,39,"Mouse Repellent Pouches 10 Pack, Natural Peppermint Rodent Deterrent for Car Engines, Wires, Attics, Garages, Basements, Sheds, RVs and Stor",15.99,5.0,7,50+,,https://www.amazon.com/dp/B0HCNP4C4V
peppermint rodent repellent pouches,40,BugMD Vamoose! Plus Peppermint Oil Mouse Repellent (8 Pouches),44.99,4.0,"3,969",10K+,,https://www.amazon.com/dp/B0FD75NVMF
peppermint rodent repellent pouches,41,"Rodent Away Repellent Pouches, Mouse Repellent Indoor & Outdoor- 12 Packs",28.99,5.0,30,600+,,https://www.amazon.com/dp/B0H7HY5CBT
peppermint rodent repellent pouches,42,"Pest Control Pouches, 15 Pack Peppermint Oil for Mice Rodent Rats Squirrel Pests Repellent Indoor Outdoor Use, Rodent Rat Mouse Deterrent Fa",22.99,4.8,9,100+,,https://www.amazon.com/dp/B0GWL1D79L
peppermint rodent repellent pouches,43,"Mouse Rodent Repellent, 25 Pack Peppermint Oil Pest Repellent for Mouse, Rodent, Rat, Mice, Squirrel, Spider, Natural Effective Mouse Deterr",25.99,4.2,107,4K+,,https://www.amazon.com/dp/B0H2YHJTB9
peppermint rodent repellent pouches,44,"Mouse Repellent Pouches 10P, Peppermint Rodent Repellent for Indoor & Outdoor Use, Long-Lasting Natural Mice Deterrent, Effective Rodent Det",11.99,4.2,22,100+,,https://www.amazon.com/dp/B0GGB6DP98
peppermint rodent repellent pouches,45,"Mighty Mint Rodent Repellent Pouches with Glue Dots, 10 Count",22.09,3.2,5,1K+,,https://www.amazon.com/dp/B0H6XXRTSJ
peppermint rodent repellent pouches,46,"Mouse Rodent Repellent,32 Pack Peppermint Oil Mouse Traps for Rat Mice, Ant, Roach, Spider, Squirrel, Nature Mouse Deterrent for Indoor Outd",29.99,4.7,48,2K+,,https://www.amazon.com/dp/B0HCBVQHBN
peppermint rodent repellent pouches,47,"Lickoon Mouse Repellent 24 Pouches, Rodent Repellent for Indoor & Outdoor",32.99,5.0,11,600+,,https://www.amazon.com/dp/B0H756JY7F
peppermint rodent repellent pouches,48,"Mouse Repellent Pouches, Peppermint Oil Rodent Repellent for Rats 10 Packs",19.98,4.7,20,,,https://www.amazon.com/dp/B0GWR1CBTY
peppermint rodent repellent pouches,49,Reliant Pet Mouse Repellent Pouches - Rodent Repellent Made in USA (12 Pouches) - Keep Rodents Out of Cars Engines - Mice Repellent Indoor a,24.95,4.2,496,2K+,,https://www.amazon.com/dp/B0DDNSN224
peppermint rodent repellent pouches,50,8 Pack Mouse Repellent Pouches with Peppermint Oil Repellent Indoor Outdoor,11.99,4.0,465,100+,,https://www.amazon.com/dp/B0BR7MPBRY
peppermint rodent repellent pouches,51,"24 Pack Mouse Rodent Repellent, Peppermint Lemon Oil Mice Repellent for Squirrel Rats Spider Pests, Natural Deterrent for Kitchen, Warehouse",22.99,5.0,10,600+,,https://www.amazon.com/dp/B0GVRYZ9QP
peppermint rodent repellent pouches,52,"Rodent Repellent Pouches, 24 Pack Peppermint Oil Mouse Repellent",27.99,5.0,27,100+,,https://www.amazon.com/dp/B0H71JFLT8
peppermint rodent repellent pouches,53,"Peppermint Oil Mouse Repellent Pouches, 18-Pack Peppermint Rodent Repellent",29.99,5.0,4,,,https://www.amazon.com/dp/B0HCNDDXBQ
peppermint rodent repellent pouches,54,"Mouse Repellent Pouches, Mice Repellent Indoor, Rat Repellent for House, Extra-Strength Peppermint to Repel Mice Squirrel and Rats, Mouse De",11.99,3.8,11,100+,,https://www.amazon.com/dp/B0HCT8VQZY
peppermint rodent repellent pouches,55,"Rodent & Mice Repellent 12 PCS,Mouse Repellent Balls",23.99,4.4,42,1K+,,https://www.amazon.com/dp/B0H7S6B8XZ
peppermint rodent repellent pouches,56,"FineFix Mouse Repellent Pouches, 12 Pack Peppermint Rodent Repellent",19.99,4.5,33,50+,,https://www.amazon.com/dp/B0GFMQPDBL
peppermint rodent repellent pouches,57,"Mighty Mint Rodent Repellent Pouches with Glue Dots, 10 Count Pack of 2",39.09,3.2,5,700+,,https://www.amazon.com/dp/B0H6XXKPJH
peppermint rodent repellent pouches,58,"Grandpa Gus's Mouse Repellent Pouches, Peppermint & Cinnamon, 30 Pouches",72.66,4.1,"29,129",300+,,https://www.amazon.com/dp/B0C6B2JSKV
peppermint rodent repellent pouches,59,"EarthKind Fresh Cab Rodent Repellent, Indoor Use, 4-Pack",21.99,4.3,"14,206",900+,,https://www.amazon.com/dp/B0GBZT3CZL
peppermint rodent repellent pouches,60,"Grandpa Gus's Rodent Repellent Spray, Natural Peppermint Oil, 128 Fl Oz",31.99,4.0,"7,366",9K+,,https://www.amazon.com/dp/B0B4KNJT14
