consulta,posicion,producto,precio,estrellas,resenas,comprados_mes,url
3d contoured sleep mask,1,MZOO Luxury Sleep Mask for Women Men Patented Light Blocking Design,17.99,4.6,101.2K,40K+,https://www.amazon.com/MZOO-Luxury-Patented-Blocking-Design/dp/B07KC5DWCC
3d contoured sleep mask,2,"Fygrip 3D Eye Mask Sleep Mask for Men & Women, Black",5.98,4.6,8.2K,10K+,https://www.amazon.com/Fygrip-Mask-Sleep-Women-Black/dp/B0DJNSZ8VW
3d contoured sleep mask,3,"LitBear Sleep Mask for Side Sleeper Women Men, Eye Mask for Sleeping",14.39,4.7,17.1K,10K+,https://www.amazon.com/Sleeping-LitBear-Contoured-Breathable-Adjustable/dp/B09H7FZ5JM
3d contoured sleep mask,4,"Nox Sleep 3D Sleep Mask for Men, 100% Blackout Eye Mask for Sleep, Ice Silk Adjustable Sleeping Mask for Side Sleepers, Soft Breathable Blin",24.99,4.5,299,1K+,
3d contoured sleep mask,5,"MyHalos Sleep Mask for Men and Women, 3D Blackout Eye Masks for Sleep",9.99,4.6,25.5K,20K+,https://www.amazon.com/myhalos-sleep-mask-for-men-and-women/dp/B09CZ68WV3
3d contoured sleep mask,6,"3 Pack Sleep Masks for Side Sleepers, True Blackout 3D Eye Mask for Sleeping, Zero Eye Pressure, Lash-Friendly, Adjustable Soft Eye Cover fo",8.99,4.5,1.8K,10K+,https://www.amazon.com/Sleepers-Blackout-Lash-Friendly-Adjustable-Blindfold/dp/B0DXKTL33T
3d contoured sleep mask,7,"Sleep Mask - Total Blackout 3D Sleeping Mask, Super Lightweight & Silky Soft Eye Mask for Sleeping, Fully Adjustable Fit for Home, Office, T",6.79,4.7,2K,5K+,https://www.amazon.com/MOEASEii-Sleep-Mask-Lightweight-Adjustable/dp/B0CN1CLQVJ
3d contoured sleep mask,8,"LKY DIGITAL Sleep Mask for Side Sleeper 3 Pack, Blackout 3D Eye Mask",9.99,4.5,71.5K,6K+,https://www.amazon.com/LKY-DIGITAL-Sleep-Sleeper-Blackout/dp/B07MR27G3D
3d contoured sleep mask,9,"FengXinZi 3D Sleep Mask for Side Sleeper, Blackout Eye Mask for Women Men",8.98,4.6,3.7K,4K+,https://www.amazon.com/FengXinZi-Sleep-Sleeper-Blackout-Cover/dp/B09YRX2F83
3d contoured sleep mask,10,"LC-dolida Sleep Headphones, 3D Sleep Mask Bluetooth Wireless Music Eye Mask, Sleeping Headphones for Side Sleepers Sleep Mask with Bluetooth",26.99,4.3,22.1K,7K+,https://www.amazon.com/Headphones-Bluetooth-LC-dolida-Ultra-Thin-Meditation/dp/B07T6FNLQV
3d contoured sleep mask,11,"MABAO Sleep Mask for Side Sleeper, Eye Mask for Sleeping Women Men, Black",6.74,4.6,10.7K,7K+,https://www.amazon.com/Sleeping-Contoured-Pressure-Blocking-Blindfold/dp/B09XTVHMQ1
3d contoured sleep mask,12,"YIVIEW Sleep Mask for Side Sleeper, Light Blocking Zero Pressure Blindfold",9.99,4.6,25.7K,10K+,https://www.amazon.com/Sleeping-Contoured-Blindfold-Concave-Meditation/dp/B07Q6WLX5J
3d contoured sleep mask,13,"LKY DIGITAL Sleep Mask for Side Sleeper 3 Pack, Blackout 3D Eye Mask",9.99,4.5,71.5K,6K+,https://www.amazon.com/LKY-DIGITAL-Sleep-Sleeper-Blackout/dp/B07YSNNFY3
3d contoured sleep mask,14,"ZGGCD Sleep Mask for Side Sleeper, Light Blocking Eye Mask for Women Men",9.99,4.6,20.3K,8K+,https://www.amazon.com/ZGGCD-Sleep-Sleeper-Light-Blocking/dp/B07HVRNXZQ
3d contoured sleep mask,15,"BeeVines 3D Contoured Sleep Mask, Blackout Eye Masks for Sleeping (2 Packs)",15.99,4.6,2.9K,900+,https://www.amazon.com/Contoured-Adjustable-BeeVines-Blindfold-Breathable/dp/B0B217JP25
3d contoured sleep mask,16,Kitsch Contour Satin Sleep Mask | Eye Masks for Sleep - Blush,23.99,4.2,470,5K+,https://www.amazon.com/Kitsch-Contour-Pillow-Eye-Mask/dp/B0FFH7NHSF
3d contoured sleep mask,17,"ALASKA BEAR Sleep Mask with Deep Contoured Eye Cups, Machine Washable",14.99,4.6,14.1K,1K+,https://www.amazon.com/ALASKA-BEAR-Adjustable-Contoured-Comfortable/dp/B07CPWZSZN
3d contoured sleep mask,18,"Sleep Mask for Men and Women, 3D Blackout Eye Mask for Side Sleepers, Black",6.99,4.5,16.9K,5K+,https://www.amazon.com/Extensions-Sleeping-Sleeper-Blackout-Blindfold/dp/B095C7H62X
3d contoured sleep mask,19,"3D Eye Sleep Mask for Side Sleeper,Zero‑Pressure Light‑Blocking Blindfold",5.08,4.7,390,2K+,https://www.amazon.com/ANPKEC-Contoured-Blindfold-Adjustable-Traveling/dp/B0DSPCB1WR
3d contoured sleep mask,20,Sleep Mask for Men Women - 100% Blackout Eye Masks for Sleep - 3D Soft Sleeping Mask for Side Sleepers - Zero Pressure Lash Extensions Eye C,9.99,4.6,2.1K,10K+,https://www.amazon.com/Vynix-Sleep-Mask-Men-Women/dp/B0FSQVBQDC
3d contoured sleep mask,21,"Gritin 100% Blackout Sleep Eye Mask for Women Men, Zero Pressure Sleep Mask",8.99,4.7,14.5K,10K+,https://www.amazon.com/Gritin-Blackout-Sleep-Pressure-Sleeping/dp/B0CRYX3FCZ
3d contoured sleep mask,22,MZOO Luxury Sleep Mask for Women Men Patented Light Blocking Design,18.99,4.6,101.2K,3K+,https://www.amazon.com/MZOO-Contoured-Sleeping-Blindfold-Concave/dp/B07YXLYTBN
3d contoured sleep mask,23,ZIMASILK Adjustable 22 Momme 100% Pure Mulberry Silk Sleep Mask,26.99,4.3,1.1K,,https://www.amazon.com/ZIMASILK-Adjustable-Contoured-Breathable-Blindfold/dp/B0BWQRXFGJ
3d contoured sleep mask,24,"MZOO Luxury Sleep Mask, 3D Spacious for Long Lashes Blocking Light",29.99,4.6,101.2K,1K+,https://www.amazon.com/MZOO-Sleeping-Contoured-Blindfold-Breathable/dp/B0B14QQV6R
3d contoured sleep mask,25,"ZGGCD Sleep Mask for Side Sleeper, Light Blocking Eye Mask for Women Men",9.99,4.6,20.3K,1K+,https://www.amazon.com/ZGGCD-Sleep-Sleeper-Light-Blocking/dp/B07RS21VZ5
3d contoured sleep mask,26,"MyHalos® Sleep Mask for Men and Women, 3D Blackout Eye Masks for Sleep",9.99,4.6,25.5K,3K+,https://www.amazon.com/MyHalos%C2%AE-Sleep-Mask-Blackout-Breathable/dp/B0F7HH87YH
3d contoured sleep mask,27,YFONG Sleep Mask for Women Lash Extension 3D PRO Eye Mask for Sleeping,13.59,4.4,172,1K+,https://www.amazon.com/YFONG-Extension-Breathable-Bamboo-Viscose/dp/B0GL276S77
3d contoured sleep mask,28,MZOO Luxury Sleep Mask for Women Men Patented Light Blocking Design,18.99,4.6,101.2K,3K+,https://www.amazon.com/MZOO-Contoured-Sleeping-Blindfold-Concave/dp/B07XFC3MF3
3d contoured sleep mask,29,"Pink Blackout Weighted Eye Masks for Sleep & Airplane Travel, Silk-Feel",9.99,4.5,558,7K+,https://www.amazon.com/Weighted-Eye-Masks-Sleep-Women/dp/B0DCB5Z1WJ
3d contoured sleep mask,30,MZOO Luxury Sleep Mask for Women Men Patented Light Blocking Design,18.99,4.6,101.2K,4K+,https://www.amazon.com/MZOO-Contoured-Blindfold-Breathable-Meditation/dp/B0CBV4PKCT
3d contoured sleep mask,31,"YIVIEW Sleep Mask for Back and Side Sleeper 3 Pack, 100% Blackout Eye Mask",7.99,4.5,26.6K,1K+,https://www.amazon.com/YIVIEW-Sleep-Mask-Sleeper-Blackout/dp/B06XP28RWB
3d contoured sleep mask,32,"3D Contoured Sleep Eye Mask, Zero Eye Pressure Light Blocking Sleeping Mask, Night Blindfold with Adjustable Strap, Ultra Comfort Eye Shade ",7.99,4.7,45,100+,https://www.amazon.com/Contoured-Pressure-Blocking-Blindfold-Adjustable/dp/B0GYHLJMS3
3d contoured sleep mask,33,Kitsch Contour Satin Sleep Mask | Eye Masks for Sleep - Charcoal,23.99,4.4,402,3K+,https://www.amazon.com/Kitsch-Contour-Pillow-Eye-Mask/dp/B0FFHGFBZL
3d contoured sleep mask,34,MZOO Luxury Sleep Mask for Women Men Patented Light Blocking Design,18.99,4.6,101.2K,1K+,https://www.amazon.com/MZOO-Contoured-Sleeping-Blindfold-Concave/dp/B0B6HRZD6L
3d contoured sleep mask,35,"Nox Sleep 3D Sleep Mask for Men, 100% Blackout Eye Mask for Sleep, Ice Silk Adjustable Sleeping Mask for Side Sleepers, Soft Breathable Blin",24.99,4.5,299,1K+,https://www.amazon.com/Blackout-Adjustable-Sleeping-Breathable-Blindfold/dp/B0FBM6BPJ4
3d contoured sleep mask,36,"Manta Original Sleep Mask - Maximum Blackout Sleep Mask for Deep Sleep, Adjustable with Detachable Eye Cups, Zero Eye Pressure for Back & Be",39.00,4.4,15.5K,8K+,https://www.amazon.com/Manta-Sleep-Mask-Adjustable-Deepest-Possible/dp/B07PRG2CQY
3d contoured sleep mask,37,WAOAW Sleep Mask for Men Women: Blackout Eye Masks for Sleep - 3D Breathable Soft Comfortable Eye Mask for Travel - Adjustable Light Blockin,15.99,4.6,13K,2K+,https://www.amazon.com/WAOAW-Sleep-Sleeping-Blocking-Blindfold/dp/B09712FSLY
3d contoured sleep mask,38,"LitBear Breathable Sleep Mask, 3D Eye Mask Sleep for Side Sleeper Women Men",12.98,4.5,1.8K,1K+,https://www.amazon.com/LitBear-Breathable-Sleepers-Adjustable-Lightweight/dp/B0D83XJMVQ
3d contoured sleep mask,39,"FACEMOON 3D Blackout Weighted Sleep Mask, Airplane Travel & Nurse Essential",8.49,4.5,4.7K,3K+,https://www.amazon.com/Weighted-Eye-Mask-Sleeping-Meditation/dp/B0CMTXVT21
3d contoured sleep mask,40,"Nidra Contoured Sleep Mask - Black, Standard Size",29.99,4.2,8.4K,1K+,https://www.amazon.com/Patented-Contoured-Adjustable-Blocking-Refreshed/dp/B00M9BC1M8
3d contoured sleep mask,41,"MyHalos® Sleep Mask for Men and Women, 3D Blackout Eye Masks for Sleep",9.99,4.6,25.5K,2K+,https://www.amazon.com/MyHalos%C2%AE-Sleep-Mask-Blackout-Breathable/dp/B0F7HF4M7X
3d contoured sleep mask,42,"Silk Sleep Mask for Women & Men, 3D Blackout Eye Masks for Sleep, 2 Pack",20.99,4.4,67,,https://www.amazon.com/Silk-Sleep-Women-Blackout-Masks/dp/B0H1LXG7KX
3d contoured sleep mask,43,"PrettyCare 3D Sleep Mask 2 Pack,Eye Mask for Side Sleeper 3D Contoured Sleeping Mask Blackout Out for Men- Blindfold Airplane with Ear Plugs",7.99,4.5,10.7K,300+,https://www.amazon.com/Sleep-Mask-Design-PrettyCare-Sleeping/dp/B019JY9BO8
3d contoured sleep mask,44,"Sleep Mask SleepFun Invisible Alar Deep Orbit 3D Eye Mask Ultra Lightweight & Comfortable Sleeping Mask for Travel, Nap, Shift Works, Black ",9.99,4.4,6.6K,300+,https://www.amazon.com/Sleepfun-Invisible-Lightweight-Comfortable-Sleeping/dp/B07PXB4NZB
3d contoured sleep mask,45,"Sleep Mask for Lash Extensions, 3D Memory Foam (Pink, 1pcs)",6.29,4.6,551,1K+,https://www.amazon.com/QUWOLACE-Sleep-Mask-Extensions-Memory/dp/B0C137BVTM
3d contoured sleep mask,46,"LitBear Sleep Mask for Side Sleeper Women Men, Eye Mask for Sleeping",16.99,4.7,17.1K,400+,https://www.amazon.com/LitBear-Sleeping-Contoured-Breathable-Adjustable/dp/B0F8HBJ8XL
3d contoured sleep mask,47,"LKY DIGITAL Sleep Mask for Side Sleeper 3 Pack, Blackout 3D Eye Mask",9.99,4.5,71.5K,400+,https://www.amazon.com/LKY-DIGITAL-Sleep-Sleeper-Blackout/dp/B077944MG9
3d contoured sleep mask,48,"SilkSilky 100% 22 Momme Mulberry Silk Sleep Mask, Dark Blue",26.99,4.2,125,100+,https://www.amazon.com/SilkSilky-100-Momme-Mulberry-Sleep/dp/B0FRRMY97K
3d contoured sleep mask,49,"3D Advanced Eye Mask for Sleeping, Ultra Delicate Soft Skin Friendly Eye mask,100% Blackout Sleep Eye Mask for Sleep, Eyelash Extension Slee",7.99,4.6,876,800+,https://www.amazon.com/Advanced-Sleeping-Delicate-Friendly-Extension/dp/B0D6WF2C3P
3d contoured sleep mask,50,"Sleenova SoundMask - Comfortable Audio Sleep Mask Built for Side Sleepers | Total Blackout, 20H Battery, Ultra-Thin Movable Speakers, Machin",129.99,4.0,222,700+,
