consulta,anunciante,dominio,anuncios,dias_max,resumen
stocking stuffer,,,30,2132,relevantes=30/30 operadores=25 operadores_30d=19 lider=nosweatco.com(4)
stocking stuffer,NoSweat,nosweatco.com,4,1010,
stocking stuffer,Wyze,wyze.com,2,48,
stocking stuffer,Etsy,etsy.com,2,36,
stocking stuffer,Hill House Diaries,amzlink.to,1,357,
stocking stuffer,Old Tejas Camo,oldtejascamo.com,1,292,
stocking stuffer,Blissy,in.blissy.co,1,442,
stocking stuffer,Kojeva,kojeva.com,1,122,
stocking stuffer,Kitsch,mykitsch.com,1,16,
stocking stuffer,AutoYunn,autoyunn.com,1,298,
stocking stuffer,ShopPaya,shoppaya.com,1,240,
stocking stuffer,Suzitee Store,suzitee.com,1,7,
stocking stuffer,Bruce Church,lookfirstye.com,1,23,
stocking stuffer,ArtveraPrint,artveraprint.com,1,44,
stocking stuffer,Wedge Guys,wedgeguys.com,1,117,
stocking stuffer,ArtveraStudio,artverastudio.com,1,45,
stocking stuffer,Eleanor J. Sterling,pomence.com,1,11,
stocking stuffer,Viole Grace,violegrace.com,1,340,
stocking stuffer,Legendaria Books,legendariabooks.com,1,165,
stocking stuffer,Vision Beam,vision-beam.com,1,308,
stocking stuffer,Comfrt,comfrt.com,1,6,
stocking stuffer,SALT & STONE,saltandstone.com,1,20,
stocking stuffer,Kristina's Fashion Essentials,oliviablaire.com,1,319,
stocking stuffer,OakenArk,oakenark.com,1,52,
stocking stuffer,Zapücci,zapucci.com,1,2132,
stocking stuffer,Ardenix,ardenix.co,1,72,
gift for dad,,,30,373,relevantes=30/30 operadores=13 operadores_30d=12 lider=trendingcustom.com(8)
gift for dad,Perfect Gifts For Loved Ones,trendingcustom.com,8,373,
gift for dad,Callie Gifts / Callie Moment / Callie Personal,callie.com,5,99,
gift for dad,Macorner / Macorner Home Decor,macorner.co,3,343,
gift for dad,Pamaviva,pamaviva.com,3,29,
gift for dad,Everything Envy,urlgeni.us,2,124,
gift for dad,Engraving Jewelry USA,engraving-jewelry.com,2,54,
gift for dad,Insgifts,insgifts.com,1,159,
gift for dad,DoyoBest,doyobest.com,1,96,
gift for dad,Skull Shaver,skullshaver.com,1,69,
gift for dad,Meear Personalized Gifts,meear.com,1,80,
gift for dad,FaithHeart Store,faithheart-jewelry.com,1,110,
gift for dad,PARKIT,parkitmovement.com,1,207,
gift for dad,Emma & the Bean,emmaandthebean.etsy.com,1,240,
gift for him,,,30,565,relevantes=30/30 operadores=18 operadores_30d=17 lider=zamage.com(4)
gift for him,Zamage,zamage.com,4,343,
gift for him,SHEIN HOME,m.shein.com,3,66,
gift for him,Buckley Belts,buckleybelts.com,2,300,
gift for him,Beyond Love,beyond-love.com,2,565,
gift for him,BellaVita Luxury,bellavitaluxe.com,2,132,
gift for him,Getnamenecklace,getnamenecklace.com,2,215,
gift for him,Royal Custom Jewelry,royalsignets.com,2,134,
gift for him,Personalized Family Gifts,trendingcustom.com,2,295,
gift for him,Etsy,etsy.com,2,36,
gift for him,Embrolygift For Personalized,embrolygift.com,1,255,
gift for him,Amazon.com,amazon.com,1,14,
gift for him,Krejova,krejova.com,1,66,
gift for him,Dope Neons,dopeneons.com,1,318,
gift for him,gentlebands.com,gentlebands.com,1,425,
gift for him,Insgifts,insgifts.com,1,475,
gift for him,Eco Wood Wear,ecowoodwear.com,1,53,
gift for him,Laez.us,thelaez.com,1,107,
gift for him,Cherish These,cherishthese.com,1,141,
white elephant gift,,,30,306,relevantes=30/30 operadores=17 operadores_30d=7 lider=wordmindglow.com(5)
white elephant gift,Civilizek.CL03 / Civilizek.IE11 / Emboadlie.bi05 / Emboadlie/M,wordmindglow.com,5,32,
white elephant gift,Wonky Penguin Games,wonkypenguingames.com,4,21,
white elephant gift,PrankHaus,prankhaus.com,3,36,
white elephant gift,MA Commerce Inc,macorner.co,3,306,
white elephant gift,Establishm,establishm.com,2,7,
white elephant gift,Offers.com / Offers.com Lifestyle,shop.offers.com,2,3,
white elephant gift,za.za.zu,za-za-zu.com,1,89,
white elephant gift,Ailton Ferr,facebook.com,1,76,
white elephant gift,Offensiveaf,dicksbymail.com,1,119,
white elephant gift,WhoopeeHouse,whoopeehouse.com,1,7,
white elephant gift,All About Vibe,allaboutvibe.com,1,46,
white elephant gift,Golden Wool,goldenwoolhandmade.com,1,2,
white elephant gift,Pat West Jr.,a.co,1,0,
white elephant gift,Punchkins,punchkins.com,1,12,
white elephant gift,Vellvy,getvellvy.com,1,3,
white elephant gift,Comfywarm,comfywarm.com,1,4,
white elephant gift,RetroCity,retrocity.net,1,2,
perfect gift for her,,,30,631,relevantes=30/30 operadores=15 operadores_30d=14 lider=stillserenity.com(8)
perfect gift for her,Still Serenity,stillserenity.com,8,631,
perfect gift for her,Senior Health Insider,trybronoir.com,3,65,
perfect gift for her,Callie Australia / Callie Gifts,callie.com,3,99,
perfect gift for her,Ooomay,ooomay.com,2,297,
perfect gift for her,AlphaGear USA,alphagear.us,2,148,
perfect gift for her,Customgiftbest,customgiftbest.com,2,37,
perfect gift for her,Molly Jewelry US / Molly Jewelry USA ,mollyjewelryus.com,2,70,
perfect gift for her,The Forever Rose,theforeverrose.com,1,216,
perfect gift for her,Kairova,naturoglobal.com,1,74,
perfect gift for her,Drama reel short,play.google.com,1,80,
perfect gift for her,Mipow,mipow.com,1,122,
perfect gift for her,Inifis Gift Shop,inifis.com,1,338,
perfect gift for her,Insgifts,insgifts.com,1,143,
perfect gift for her,DramaBox-new drama&movies15,itunes.apple.com,1,62,
perfect gift for her,Dorado Fashion,dorado.com,1,17,
gift for grandma,,,30,312,relevantes=30/30 operadores=7 operadores_30d=7 lider=godmerch.com(16)
gift for grandma,Family love gift / Godmerch - Personalized Gifts For Family / I Love family / The Godmerch Store,godmerch.com,16,233,
gift for grandma,Perfect Gifts For Loved Ones / Personalized Family Gifts,trendingcustom.com,8,300,
gift for grandma,Canvasgiftco,canvasgiftco.com,2,312,
gift for grandma,Chiclify,chiclify.com,1,241,
gift for grandma,Gifts For Family - AlmaGems.Com,almagems.com,1,71,
gift for grandma,Insgifts,insgifts.com,1,210,
gift for grandma,Giantbighands - Embroidered Gifts,giantbighands.com,1,49,
ratchet belt,,,30,301,relevantes=30/30 operadores=17 operadores_30d=11 lider=bostanten.com(5)
ratchet belt,Bostanten Shop,bostanten.com,5,75,
ratchet belt,Collars & Co.,collarsandco.com,3,122,
ratchet belt,Daily Tactical Gear / Tactical Gear Daily,2ndamenedc.com,3,24,
ratchet belt,Buckley Belts,buckleybelts.com,3,103,
ratchet belt,Nexbelt.com,nexbelt.com,2,63,
ratchet belt,Dartee Golf,darteegolf.com,2,211,
ratchet belt,Cozy Hoome,cozyhoome.com,2,27,
ratchet belt,Joyeloo,joyeloo.com,1,271,
ratchet belt,Tough Apparel,toughapparel.com,1,122,
ratchet belt,SlideBelts,fb.com,1,117,
ratchet belt,SlideBelts,slidebelts.com,1,301,
ratchet belt,Alleviateq,alleviateq.com,1,41,
ratchet belt,Norvia Online,norviaonline.store,1,58,
ratchet belt,Jasgood BELT,jasgood.com,1,21,
ratchet belt,Cozy Hoome,newzyhoome.com,1,27,
ratchet belt,GRIP6,grip6.com,1,26,
ratchet belt,Anson Belt & Buckle,ansonbelt.com,1,26,
forever rose,,,30,592,relevantes=29/30 operadores=11 operadores_30d=8 lider=theforeverrose.com(14)
forever rose,The Forever Rose,theforeverrose.com,14,216,
forever rose,MomentaGifts,momentagifts.com,3,292,
forever rose,Swaveo Jewelry,swaveo.com,3,157,
forever rose,Shop FabuLove,fabulove.co,2,592,
forever rose,Threadkins,threadkins.com,1,53,
forever rose,Getfamilygifts-Official,getfamilygifts.com,1,53,
forever rose,Printable3DLab,printable3dlab.com,1,12,
forever rose,Speakingroses,join.speakingroses.com,1,27,
forever rose,Sugar Metal Customs,sugarmetalcustoms.com,1,8,
forever rose,BI-SU Global,bisu-us.com,1,66,
forever rose,Sparkly Roses,sparklyroses.com,1,38,
money holder,,,30,418,relevantes=27/30 operadores=13 operadores_30d=3 lider=callie.com(7)
money holder,Callie Cherished / Callie Gifts / Callie Keepsakes,callie.com,7,418,
money holder,Heartgiftfors,heartgiftfors.com,5,26,
money holder,Eliminaten%Q8 / Mechanicallh,vibenestgoods.com,3,16,
money holder,Courageok-US,courageok.com,3,10,
money holder,ArtveraStudio,artverastudio.com,1,45,
money holder,GeckoCustom - Make Your Own Gifts,geckocustom.com,1,11,
money holder,ArtveraPrint,artveraprint.com,1,44,
money holder,The Pawfect House Store,pawfecthouse.com,1,2,
money holder,Getnamenecklace,getnamenecklace.com,1,21,
money holder,Bestwishfor,bestwishfor.com,1,6,
money holder,Godmeto,godmeto.com,1,5,
money holder,Indexinner%r,indexinner.com,1,28,
money holder,Youthfule-,youthfule.com,1,4,
hat liner,,,30,1084,relevantes=30/30 operadores=5 operadores_30d=5 lider=nosweatco.com(18)
hat liner,NoSweat,nosweatco.com,18,1084,
hat liner,NoSweat,amazon.com,8,913,
hat liner,NoSweat,walmrt.us,2,259,
hat liner,NoSweat,dickssportinggoods.com,1,543,
hat liner,Benchmark FR,benchmarkfr.com,1,70,
