tipo,lider_dominio,lider_ads,lider_dias,crec_30d_%,operadores_30d_biblioteca,escala_pasa,motivo
Bastón plegable con asiento,itoolmax.com,72,215,1150,1,no,único operador (Biblioteca: 30/30 anuncios son de itoolmax; otro con 44 d y 1 anuncio)
Visera polarizada de coche,coozyland.com,12,126,1100,1,no,enjambre: 6 operadores y 5 con <10 días; en semanas será KILL por gate
Ramo de flores de cristal,shopmoderny.com,73,108,800,2,no,2 operadores (shopmoderny 29/30 anuncios); frágil
Rodillera/strap rotuliano (Stryde),getstryde.co,303,127,3687,-,no evaluado,fuera por regla: se vende con claim de dolor de rodilla
Fuente de agua para perro,selenepets.com,228,57,16650,-,no evaluado,fuera: bomba eléctrica
Masajeador lumbar inalámbrico,colody.com,21,38,967,-,no evaluado,fuera: electrónica
Afilador rodante,willowandstonewares.com,21,44,767,-,excluido,EXCLUIDOS
Personalizados POD (macorner/kissfaith/doyobest),varios,,,,-,no evaluado,fuera: no es genérico Ali (print-on-demand)
Ropa/calzado/bolsos de marca,varios,,,,-,no evaluado,fuera: tallas o marca
