consulta,posicion,producto,precio,estrellas,resenas,vendedor,url
quilted car basket,1,Women's Large Capacity Quilted Car Storage Basket Tote Bag Foldable Washable Multifunctional Diaper Organizer for Moms Daily Use,16.97,5,1,PocLoti,https://www.walmart.com/ip/Women-s-Large-Capacity-Quilted-Car-Storage-Basket-Tote-Bag-Foldable-Washable-Multifunctional-Diaper-Organizer-for-Moms-Daily-Use/20655508652
quilted car basket,2,"Quilted Car Storage Basket Tote Bag, Large Capacity Fabric Organizer with Handles, Home Storage Basket, Travel Bag, Picnic, Laundry",20.26,0,0,DOTH Store,https://www.walmart.com/ip/Quilted-Car-Storage-Basket-Tote-Bag-Large-Capacity-Fabric-Organizer-with-Handles-Home-Storage-Basket-Travel-Bag-Picnic-Laundry/20782321501
quilted car basket,3,"Quilted Basket, Large Capacity Quilted Car Storage Tote Bag with Handles, Foldable Machine Washable Multifunctional Organizer",16.86,0,0,Tonghui,https://www.walmart.com/ip/Quilted-Basket-Large-Capacity-Quilted-Car-Storage-Tote-Bag-with-Handles-Foldable-Machine-Washable-Multifunctional-Organizer/20745800444
quilted car basket,4,"Boho-Chic Quilted Floral Storage Basket, Large Capacity Collapsible Fabric Organizer with Reinforced Handles & Side Pockets for Car, Home, Picnic, Laundry",20.2,5,1,Ci feibi shop,https://www.walmart.com/ip/Boho-Chic-Quilted-Floral-Storage-Basket-Large-Capacity-Collapsible-Fabric-Organizer-Reinforced-Handles-Side-Pockets-Car-Home-Picnic-Laundry/19861358881
quilted car basket,5,"Quilted Basket, Large Capacity Quilted Car Storage Tote Bag with Handles, Foldable Machine Washable Multifunctional Organizer",16.86,0,0,Tonghui,https://www.walmart.com/ip/Quilted-Basket-Large-Capacity-Quilted-Car-Storage-Tote-Bag-with-Handles-Foldable-Machine-Washable-Multifunctional-Organizer/20745800444
quilted car basket,6,"Car Storage Basket Organizer,Foldable Quilted Fabric Auto Bin,Handled for Trunk Back Seat,Road Trip Grocery Toy Storage（N）",24.98,0,0,lzqifeng,https://www.walmart.com/ip/Car-Storage-Basket-Organizer-Foldable-Quilted-Fabric-Auto-Bin-Handled-for-Trunk-Back-Seat-Road-Trip-Grocery-Toy-Storage-N/20659562393
quilted car basket,7,"Car Trunk Organizer, Blue Collapsible Multi‑Compartment, Large Capacity with Handle for Car & SUV",16.69,5,1,Meeptip,https://www.walmart.com/ip/Car-Trunk-Organizer-Blue-Collapsible-Multi-Compartment-Large-Capacity-with-Handle-for-Car-SUV/20807258271
quilted car basket,8,"GORILLA GRIP Trunk Storage Organizer, Collapsible Container for Car Sedan or SUV, Black",34.99,4,169,GORILLA COMMERCE,https://www.walmart.com/ip/GORILLA-GRIP-Trunk-Storage-Organizer-Collapsible-Container-for-Car-Sedan-or-SUV-Black/15608452603
quilted car basket,9,"Quilted Car Storage Basket Tote Bag, Large Capacity Fabric Organizer with Handles, Home Storage Basket, Travel Bag, Picnic, Laundry",20.26,0,0,DOTH Store,https://www.walmart.com/ip/Quilted-Car-Storage-Basket-Tote-Bag-Large-Capacity-Fabric-Organizer-with-Handles-Home-Storage-Basket-Travel-Bag-Picnic-Laundry/20835560069
quilted car basket,10,"Car Storage Basket Organizer, Large Capacity Foldable Auto Bin with Handles, Boho-Chic Quilted Floral Storage Basket,Quilted Fabric Trunk & Back Seat Organizer for Groceries",19.54,0,0,duofuzheng,https://www.walmart.com/ip/Car-Storage-Basket-Organizer-Large-Capacity-Foldable-Auto-Bin-Handles-Boho-Chic-Quilted-Floral-Storage-Basket-Quilted-Fabric-Trunk-Back-Seat-Organize/20622323362
quilted car basket,11,"HOTOR Trunk Organizer for Car and SUV - Large-Capacity Car Organizer with Multiple Compartments, Foldable Car Organization for Car Accessories, Tools, Sundries, Black",12.99,4,394,VACLIFE-CMYP,https://www.walmart.com/ip/HOTOR-Trunk-Organizer-for-SUV-2-Compartments-Black/15709223843
quilted car basket,12,"Jcaeh Car Trunk Organizer for SUVs, 50L Large Capacity Foldable Storage Organizer, Heavy-Duty Oxford Fabric for Cars, Sedans & Trucks, Black",16.89,4,5,Home Living Hub,https://www.walmart.com/ip/Jcaeh-Car-Trunk-Organizer-Foldable-Organizer-Car-Thickened-Oxford-fabric-dirt-resistant-wear-resistant-easy-clean-Automotive-Consoles-Organizers-Suit/20656467984
quilted car basket,13,Large Capacity Quilted Car Storage Basket Fabric Tote with Handles for Car Organization,14.99,0,0,LoyRotie,https://www.walmart.com/ip/Large-Capacity-Quilted-Car-Storage-Basket-Fabric-Tote-with-Handles-for-Car-Organization/20841473080
quilted car basket,14,OYPGUE Women's Large Capacity Quilted Car Storage Basket Tote Bag Foldable | Multifunctional Diaper Organizer for Moms Daily Use Washable,19.29,0,0,xijuan,https://www.walmart.com/ip/OYPGUE-Women-s-Large-Capacity-Quilted-Car-Storage-Basket-Tote-Bag-Foldable-Multifunctional-Diaper-Organizer-for-Moms-Daily-Use-Washable/20817600793
quilted car basket,15,"Quilted Car Storage Basket, Large Quilted Floral Everything Basket, Gingham Storage Basket for Woman Daily Use",19.98,0,0,VOUKER,https://www.walmart.com/ip/Quilted-Car-Storage-Basket-Large-Quilted-Floral-Everything-Basket-Gingham-Storage-Basket-for-Woman-Daily-Use/20807659747
quilted car basket,16,RUINIXCW Quilted Baskets with Handles Gingham Fabric Car Storage Basket Laundry Baskets Farmhouse Plaid Collapsible Fabric Storage Bins for Toys Towels Clothes,17.89,0,0,yaoxi,https://www.walmart.com/ip/RUINIXCW-Quilted-Baskets-Handles-Gingham-Fabric-Car-Storage-Basket-Laundry-Baskets-Farmhouse-Plaid-Collapsible-Fabric-Storage-Bins-Toys-Towels-Clothe/20621121654
quilted car basket,17,"Quilted Car Basket Tote Bag, Diaper Caddy with Handles & Front Pocket",25.17,0,0,Dreamy Starry Sky,https://www.walmart.com/ip/Quilted-Car-Basket-Tote-Bag-Diaper-Caddy-with-Handles-Front-Pocket/20976923519
quilted car basket,18,"Car Storage Basket Organize, Floral Fabric Car Interior Storage Basket, Quilted Laundry Basket with Handles, Boho-Chic Floral Foldable Storage Baskets for Car Clothes Toys",19.98,0,0,qiuxiangstore,https://www.walmart.com/ip/Car-Storage-Basket-Organize-Floral-Fabric-Car-Interior-Storage-Basket-Quilted-Laundry-Basket-Handles-Boho-Chic-Floral-Foldable-Storage-Baskets-Car-Cl/19955167582
quilted car basket,19,"Boho-Chic Women's Large Capacity Quilted Car Storage Basket Tote Bag, Foldable Washable Multifunctional Organizer with Reinforced Handles & Side Pockets,for Trunk, Back Seat,Travel&Laundry",15.18,5,2,HQYSHOP,https://www.walmart.com/ip/Boho-Chic-Women-s-Large-Capacity-Quilted-Car-Storage-Basket-Tote-Bag-Foldable-Washable-Multifunctional-Organizer-Reinforced-Handles-Side-Pockets-for/20860005410
quilted car basket,20,"Quilted Laundry Basket with Handles,Boho Fabric Large Quilted Floral Foldable Baskets with Handles for Car Home Picnic",20.98,0,0,renhui,https://www.walmart.com/ip/Quilted-Laundry-Basket-with-Handles-Boho-Fabric-Large-Quilted-Floral-Foldable-Baskets-with-Handles-for-Car-Home-Picnic/20153501617
quilted car basket,21,"Heavy-Duty Car Clothes Hanger Bar Holds 50 Clothes, Telescopic Clothes Rack for Car Travel (28""-60"") Fits Vehicles, SUVs, Trucks with 2 EVA Anti-Skid Pads & 2 Hook and Loop Straps（Hold Up to 70lbs）",19.99,4,39,CreaCity,https://www.walmart.com/ip/Heavy-Duty-Car-Clothes-Hanger-Bar-Holds-50-Clothes-Telescopic-Clothes-Rack-Car-Travel-28-60-Fits-Vehicles-SUVs-Trucks-2-EVA-Anti-Skid-Pads-2-Hook-Loo/17507360583
quilted car basket,22,"HOTOR Trunk Organizer for Car and SUV - Large-Capacity Car Organizer with Multiple Compartments, Foldable Car Organization for Car Accessories, Tools, Sundries, Black",12.99,4,394,VACLIFE-CMYP,https://www.walmart.com/ip/HOTOR-Trunk-Organizer-for-SUV-2-Compartments-Black/15709223843
quilted car basket,23,"HOTOR Trunk Organizer, 3-Compartment Collapsible Car Organizer and Storage Solution with Cooler Bag, Portable Car Trunk Organizer for SUV, Truck, Sedan, 33.1"" x 13"" x 11.8"", Black",25.64,4,88,VACLIFE-CMYP,https://www.walmart.com/ip/HOTOR-Trunk-Organizer-for-SUV-543/18825856996
quilted car basket,24,"HOTOR Trunk Organizer for SUV - 2 Compartments & 6 Pockets Trunk Organizer for Car, Car Organizers and Storage",12.98,4,564,Hotor-Haotuo,https://www.walmart.com/ip/HOTOR-Trunk-Organizer-for-SUV-2-Compartments-6-Pockets-Trunk-Organizer-for-Car-Car-Organizers-and-Storage/6971219455
quilted car basket,25,"DEXIMRO 2 Pack Car Registration Insurance Holder, Leather Glove Box License Wallet Case with Magnetic Shut, Automotive Paperwork Document Organizer Card Holder for Women, Car Accessories (Black)",12.31,4,33,zhen long,https://www.walmart.com/ip/DEXIMRO-2-Pack-Car-Registration-Insurance-Holder-Leather-Glove-Box-License-Wallet-Case-Magnetic-Shut-Automotive-Paperwork-Document-Organizer-Card-Hol/17173859882
quilted car basket,26,"GORILLA GRIP Trunk Storage Organizer, Collapsible Container for Car Sedan or SUV, Black",34.99,4,169,GORILLA COMMERCE,https://www.walmart.com/ip/GORILLA-GRIP-Trunk-Storage-Organizer-Collapsible-Container-for-Car-Sedan-or-SUV-Black/15608452603
quilted car basket,27,"MORSUMA Car Trunk Organizer Foldable Large Capacity SUV Accessories Organizer with Multiple Compartments, Black",32.99,4,142,Luosum,https://www.walmart.com/ip/MORSUMA-Trunk-Organizer-for-SUV-100L-Large-Capacity-Car-Trunk-Organizers-And-Storage-4-Dividers-35-4-x-13-8-x-11-8-Foldable-Black/19050807887
quilted car basket,28,"CYRICO Car Backseat Organizer 2 Pack, Kick Mats Car Storage with Tablet Holder for Kids, Back Seat Car Organizers Travel Accessories",16.99,4,174,cyrico,https://www.walmart.com/ip/CYRICO-Car-Backseat-Organizer-2-Pack-Kick-Mats-Car-Storage-with-Tablet-Holder-for-Kids-Back-Seat-Car-Organizers-Travel-Accessories/5080680761
quilted car basket,29,"FORTEM SUV Trunk Organizer, Car Organizer, Collapsible Multi-Compartment Storage Bag for Car Accessories for Women Men, 1680D Oxford, Non Slip Bottom, Adjustable Straps, Soft Cover (90L)",38.24,4,288,FORTEM STORE,https://www.walmart.com/ip/FORTEM-THE-EXTRA-MILE-Non-Slip-Trunk-Automotive-Organizers-Black/664724662
quilted car basket,30,"WheelX Universal Rear Seat Car Console Organizer, Black Armrest Box with Cup Holder & Phone Holder for Car Rear Bench Seats",89.99,4,44,WheelX Shop,https://www.walmart.com/ip/WheelX-Car-Center-Console-Universal-Rear-Bench-Seat-Console-Back-Seat-Car-Organizer-Automotive-Center-Console-Cup-Holder-Phone-Holder-Central-Armrest/17543163755
quilted car basket,31,"56L Car Trunk Organizer, Collapsible Car Storage Organizer with Dual Compartments, Reinforced Handles, Mesh Side Pockets, Non-Slip Bottom, Black",17.99,4,3,Brystelly,https://www.walmart.com/ip/56L-Car-Trunk-Organizer-Collapsible-Car-Storage-Organizer-with-Dual-Compartments-Reinforced-Handles-Mesh-Side-Pockets-Non-Slip-Bottom-Black/20328514326
quilted car basket,32,"Car Trunk Organizer with 72L Large Capacity & Shoes Compartment, Collapsible Trunk Storage Organizer for Suv/Jeep/Sedan, Waterproof Car Accessories for Women & Men",30.4,4,258,CshidWorld,https://www.walmart.com/ip/Car-Trunk-Organizer-for-SUV-RV-72L/16431962426
quilted car basket,33,"Quilted Laundry Basket with Handles – Fabric Everything Basket for Car & Home, Quilted Storage Tote with Handles, Home Decor Organizer",19.48,0,0,yuchenstore,https://www.walmart.com/ip/Quilted-Laundry-Basket-with-Handles-Fabric-Everything-Basket-for-Car-Home-Quilted-Storage-Tote-with-Handles-Home-Decor-Organizer/20795560453
quilted car basket,34,OYPGUE Women's Large Capacity Floral Quilted Tote Bag Car Storage Basket Multifunctional Organizer for Moms Daily Use Travel,17.54,0,0,yuchenstore,https://www.walmart.com/ip/OYPGUE-Women-s-Large-Capacity-Floral-Quilted-Tote-Bag-Car-Storage-Basket-Multifunctional-Organizer-for-Moms-Daily-Use-Travel/20844618139
quilted car basket,35,"Quilted Basket, Quilted Car Basket, Foldable Storage Basket With Handles, Cotton Organizer Bin for Car, Home, Travel and Everyday Use",14.99,0,0,Uepmk,https://www.walmart.com/ip/Quilted-Basket-Quilted-Car-Basket-Foldable-Storage-Basket-With-Handles-Cotton-Organizer-Bin-for-Car-Home-Travel-and-Everyday-Use/20851470952
quilted car basket,36,Women's Large Capacity Quilted Car Storage Basket Tote Bag Foldable Washable Multifunctional Diaper Organizer for Moms Daily Use,16.97,5,1,PocLoti,https://www.walmart.com/ip/Women-s-Large-Capacity-Quilted-Car-Storage-Basket-Tote-Bag-Foldable-Washable-Multifunctional-Diaper-Organizer-for-Moms-Daily-Use/20697006330
quilted car basket,37,"13""x10.2""x10.6"" Floral Storage Basket Boho Fabric Quilted Floral Foldable Baskets with Handles Nursery Laundry Basket Organizer Bin for Car Home Picnic",13.64,0,0,junwei,https://www.walmart.com/ip/13-x10-2-x10-6-Floral-Storage-Basket-Boho-Fabric-Quilted-Floral-Foldable-Baskets-Handles-Nursery-Laundry-Basket-Organizer-Bin-Car-Home-Picnic/20390565792
quilted car basket,38,"Quilted Basket, Cotton Car Storage Organizer with Handles and Front Pocket",19.99,0,0,Coslippy,https://www.walmart.com/ip/Quilted-Basket-Cotton-Car-Storage-Organizer-with-Handles-and-Front-Pocket/20907857672
quilted car basket,39,"Quilted Large Capacity Car Storage Basket, Fabric Tote Bag with Handles, Cotton Interior Organizer for Car Trunk, Home Storage & Picnic Use",19.89,0,0,xiaochi,https://www.walmart.com/ip/Quilted-Large-Capacity-Car-Storage-Basket-Fabric-Tote-Bag-with-Handles-Cotton-Interior-Organizer-for-Car-Trunk-Home-Storage-Picnic-Use/20850369438
quilted car basket,40,"Boho-Chic Quilted Floral Storage Basket, Car Interior Storage Basket, Multi-functional Floral Foldable Baskets Cotton Fabric for Home, Travel, Laundry",20.99,0,0,DailyZeal,https://www.walmart.com/ip/Boho-Chic-Quilted-Floral-Storage-Basket-Car-Interior-Storage-Basket-Multi-functional-Floral-Foldable-Baskets-Cotton-Fabric-Home-Travel-Laundry/19878302139
quilted car basket,41,Blingsting Hot Pink Car Essentials Trunk Organizer with Heavy-Duty Fabric and Storage Pockets,29.99,4,29,Walmart.com,https://www.walmart.com/ip/BLINGSTING-Car-Essentials-Car-Trunk-Organizer-Heavy-Duty-600D-Oxford-Fabric-Reinforced-Handles-2-Large-Compartments-5-Storage-Pockets-24-x-14-5-x-12/17786807640
quilted car basket,42,"HOTOR Trunk Organizer for SUV - 2 Compartments & 6 Pockets Trunk Organizer for Car, Car Organizers and Storage",12.98,4,564,Hotor-Haotuo,https://www.walmart.com/ip/HOTOR-Trunk-Organizer-for-SUV-2-Compartments-6-Pockets-Trunk-Organizer-for-Car-Car-Organizers-and-Storage/6971219455
quilted car basket,43,Women's Large Capacity Quilted Car Storage Basket Tote Bags,23.01,0,0,haojun,https://www.walmart.com/ip/Women-s-Large-Capacity-Quilted-Car-Storage-Basket-Tote-Bags/20969617798
quilted car basket,44,"Lethargic Women's Large Capacity Quilted Car Storage Basket Tote, 12.6 x 10.2 x 9.8 in, Cotton Foldable Organizer with Handles",20.99,0,0, Lethargic Lcc,https://www.walmart.com/ip/Lethargic-Women-s-Large-Capacity-Quilted-Car-Storage-Basket-Tote-12-6-x-10-2-x-9-8-in-Cotton-Foldable-Organizer-with-Handles/20809903215
quilted car basket,45,"Quilted Fabric Storage Basket Boho Floral Laundry Baskets with Handles Collapsible Quilted Soft Basket for Car, Clothes, Toys Storage",17.98,0,0,SUNDAISUN,https://www.walmart.com/ip/Quilted-Fabric-Storage-Basket-Boho-Floral-Laundry-Baskets-with-Handles-Collapsible-Quilted-Soft-Basket-for-Car-Clothes-Toys-Storage/20833469728
quilted car basket,46,Quilted Tote Bag Quilted Car Basket Car Storage Basket Large Capacity Quilted Bag Car Tote Bag Fabric Storage Basket with Handles for Women,14.66,0,0,yiwushilinghaomaoyi,https://www.walmart.com/ip/Quilted-Tote-Bag-Quilted-Car-Basket-Car-Storage-Basket-Large-Capacity-Quilted-Bag-Car-Tote-Bag-Fabric-Storage-Basket-with-Handles-for-Women/20980965288
quilted car basket,47,"Quilted Car Basket, Large Capacity Foldable Storage Organizer with Handles, Washable Fabric Tote for Trunk and Back Seat",24.88,0,0,fqmyyxgs,https://www.walmart.com/ip/Quilted-Car-Basket-Large-Capacity-Foldable-Storage-Organizer-with-Handles-Washable-Fabric-Tote-for-Trunk-and-Back-Seat/20904963477
quilted car basket,48,"Quilted Fabric Storage Basket Boho Floral Laundry with Handles Collapsible Quilted Soft Basket for Car, Clothes, Toys Storage",14.09,1,1,zhuoxinshop,https://www.walmart.com/ip/Quilted-Fabric-Storage-Basket-Boho-Floral-Laundry-with-Handles-Collapsible-Quilted-Soft-Basket-for-Car-Clothes-Toys-Storage/19840072248
quilted car basket,49,"Car Storage Basket, Quilted Design, Large Capacity Foldable Bag for Organizing Vehicles, Durable and Stylish, Perfect for Everyday Use",19.89,0,0,xiaochi,https://www.walmart.com/ip/Car-Storage-Basket-Quilted-Design-Large-Capacity-Foldable-Bag-for-Organizing-Vehicles-Durable-and-Stylish-Perfect-for-Everyday-Use/20876563360
quilted car basket,50,"Quilted Basket,Boho-Chic Foldable Storage Basket,Large Capacity Fabric Organizer with Handles for Car, Home",21.99,0,0,LYTshop,https://www.walmart.com/ip/Quilted-Basket-Boho-Chic-Foldable-Storage-Basket-Large-Capacity-Fabric-Organizer-with-Handles-for-Car-Home/20947655686
quilted car basket,51,"Car Storage Basket Organizer, Large Capacity Foldable Bin with Handles, Quilted Floral Fabric, for Trunk Front Seat Groceries Toys,12.6x10.2x9.8(#05)",16.55,0,0,Fortune Prosperity Mall,https://www.walmart.com/ip/Car-Storage-Basket-Organizer-Large-Capacity-Foldable-Bin-with-Handles-Quilted-Floral-Fabric-for-Trunk-Front-Seat-Groceries-Toys-12-6x10-2x9-8-05/20346204604
quilted car basket,52,"Women's Large Capacity Quilted Car Storage Basket Tote Bag, Foldable Washable Car Organizer with Handles & Pocket for Diapers, Travel, Home Storage",24.88,0,0,xiaochi,https://www.walmart.com/ip/Women-s-Large-Capacity-Quilted-Car-Storage-Basket-Tote-Bag-Foldable-Washable-Car-Organizer-with-Handles-Pocket-for-Diapers-Travel-Home-Storage/20805162015
quilted car basket,53,"Boho Quilted Floral Storage Basket, Large Collapsible Fabric Organizer with Reinforced Handles & Side Pockets for Car, Home, Picnic, Laundry",18.99,0,0,DAI,https://www.walmart.com/ip/Boho-Quilted-Floral-Storage-Basket-Large-Collapsible-Fabric-Organizer-with-Reinforced-Handles-Side-Pockets-for-Car-Home-Picnic-Laundry/20330760189
quilted car basket,54,"Quilted Car Storage Basket with Handles, Car Organizer for Trunk and Back Seat",15.29,0,0,AINIU,https://www.walmart.com/ip/Quilted-Car-Storage-Basket-with-Handles-Car-Organizer-for-Trunk-and-Back-Seat/20818315301
quilted car basket,55,"Guilted Basket - Quilted Storage Basket, Floral Foldable Storage Basket Car, Quilted Easter Basket with Easy-Carry Handles Large",19.28,0,0,qiuxiangstore,https://www.walmart.com/ip/Guilted-Basket-Quilted-Storage-Basket-Floral-Foldable-Storage-Basket-Car-Quilted-Easter-Basket-with-Easy-Carry-Handles-Large/20030265341
quilted car basket,56,"Large Capacity Quilted Car Storage Basket with Handles, Foldable Organizer for Moms and Daily Use",24.97,0,0,Yaroja,https://www.walmart.com/ip/Large-Capacity-Quilted-Car-Storage-Basket-with-Handles-Foldable-Organizer-for-Moms-and-Daily-Use/20678057949
quilted car basket,57,"Car Storage Basket, Floral Fabric Storage Basket Car Interior Storage Basket Underwear Sundries Laundry Baskets Supplies Home Organizer Bag",18,4,3,SHANSHANWEI,https://www.walmart.com/ip/Car-Storage-Basket-Floral-Fabric-Storage-Basket-Car-Interior-Storage-Basket-Underwear-Sundries-Laundry-Baskets-Supplies-Home-Organizer-Bag/19475365890
quilted car basket,58,"Large Capacity Quilted Car Storage Basket Tote Bag, Foldable Washable Diaper Organizer for Moms, Multifunctional Tote for Car Home Travel",17.98,0,0,KEkoi,https://www.walmart.com/ip/Large-Capacity-Quilted-Car-Storage-Basket-Tote-Bag-Foldable-Washable-Diaper-Organizer-for-Moms-Multifunctional-Tote-for-Car-Home-Travel/20906267507
quilted car basket,59,"Car Storage Basket Organizer, Large Capacity Foldable Bin with Handles, Quilted Floral Fabric, for Trunk Front Seat Groceries Toys,12.6x10.2x9.8(#10)",21.98,0,0,yanwo,https://www.walmart.com/ip/Car-Storage-Basket-Organizer-Large-Capacity-Foldable-Bin-with-Handles-Quilted-Floral-Fabric-for-Trunk-Front-Seat-Groceries-Toys-12-6x10-2x9-8-10/20345314609
quilted car basket,60,"Car Storage Basket Organizer, Large Capacity Foldable Bin with Handles, Quilted Floral Fabric, for Trunk Front Seat Groceries Toys,12.6x10.2x9.8(#01)",21.98,0,0,yanwo,https://www.walmart.com/ip/Car-Storage-Basket-Organizer-Large-Capacity-Foldable-Bin-with-Handles-Quilted-Floral-Fabric-for-Trunk-Front-Seat-Groceries-Toys-12-6x10-2x9-8-01/20354218315
quilted car basket,61,"12.6'' Quilted Tote Bag Vintage Floral Basket Car Tote with Handles for Women, Boho Laundry Basket for Organizing Foldable Nursery Hamper",11.49,0,0,ONKING,https://www.walmart.com/ip/12-6-Quilted-Tote-Bag-Vintage-Floral-Basket-Car-Tote-with-Handles-for-Women-Boho-Laundry-Basket-for-Organizing-Foldable-Nursery-Hamper/20891065739
quilted car basket,62,"12.6'' Quilted Tote Bag Vintage Floral Basket Car Tote with Handles for Women, Boho Laundry Basket for Organizing Foldable Nursery Hamper",11.49,0,0,ONKING,https://www.walmart.com/ip/12-6-Quilted-Tote-Bag-Vintage-Floral-Basket-Car-Tote-with-Handles-for-Women-Boho-Laundry-Basket-for-Organizing-Foldable-Nursery-Hamper/20881058649
peppermint mouse repellent pouches,1,"Double Tree Rodent Repellent Pouches, 60 Refills, Peppermint Cedar, Mice & Rats, 16 Qt",58.99,5,18,Double Tree Forest Products,https://www.walmart.com/ip/Double-Tree-Rodent-Repellent-Cedar-Granules-Mint-Cinnamon-16-Qt/20820773540
peppermint mouse repellent pouches,2,"Mouse Rodent Repellent, 48 Pack Peppermint Lemon Mice Repellent",35.99,3,18,globaldeals,https://www.walmart.com/ip/Mouse-Rodent-Repellent-48-Pack-Peppermint-Lemon-Mice-Repellent/20006816526
peppermint mouse repellent pouches,3,"Mighty Mint Rodent Repellent, 130 fl. oz.",29.97,4,1419,Walmart.com,https://www.walmart.com/ip/Mighty-Mint-Rodent-Repellent-130-oz/8034516242
peppermint mouse repellent pouches,4,"30 pack Rodent Repellent - Mice Repellent Indoor/Outdoor - Moth Balls for Rodents, Mouse Repellent Peppermint, Keep Mice Away, Peppermint to Repel Mice and Rats, Rat Repellent for House",24.29,3,16,Sophia11,https://www.walmart.com/ip/30-Pack-Natural-Mouse-Repellent-Pouches-Rodent-Repellent-Peppermint-Oil-Formula-Protectionfor-Home-Car-Garden-Pet-Safe/20390854014
peppermint mouse repellent pouches,5,"Grandpa Gus's Mouse Repellent Pouches, Natural Peppermint Oil, 12 Pouches",24.97,4,153,Walmart.com,https://www.walmart.com/ip/Grandpa-Gus-s-Natural-Mouse-Repellent-Pouches-12pk/14806753885
peppermint mouse repellent pouches,6,"Mighty Mint Rodent Repellent/Deterrent Pouches, Peppermint, Cinnamon & Castor Oil, 5 CT",7.98,4,706,Walmart.com,https://www.walmart.com/ip/Mighty-Mint-Rodent-Repellent-Deterrent-Pouches-Peppermint-Cinnamon-Castor-Oil-5-CT/17340364409
peppermint mouse repellent pouches,7,"Grandpa Gus's Natural Mouse Repellent Pouches, Repel Mice from Nesting and Freshen Air in Home/Cabin/Boat/Car Storage/RV/Machinery/Shed (30 Pouches)",67.7,4,78,Supply the Home,https://www.walmart.com/ip/Grandpa-Gus-s-Natural-Mouse-Repellent-Pouches-Repel-Mice-from-Nesting-and-Freshen-Air-in-Home-Cabin-Boat-Car-Storage-RV-Machinery-Shed-30-Pouches/2517587903
peppermint mouse repellent pouches,8,"BITOUSHI Mouse Repellent Pouches, 10 Pack Peppermint Oil for Mice Rodent Rats Squirrel Pests Repellent Indoor & Outdoor Use, Natural Rodent Rat Mouse Deterrent Family & Pet Safe",16.99,0,0,xuehaizhou,https://www.walmart.com/ip/BITOUSHI-Mouse-Repellent-Pouches-10-Pack-Peppermint-Oil-Mice-Rodent-Rats-Squirrel-Pests-Repellent-Indoor-Outdoor-Use-Natural-Rodent-Rat-Mouse-Deterre/16506811709
peppermint mouse repellent pouches,9,"BugMD Vamoose! Plus Peppermint Oil Mouse Repellent Pouches | Natural Mice Repellent Indoor & Rat Deterrent for House, Garage, RV, Car & Storage | Plant-Powered Rodent Control - 1 Pack - 4 Pouches",26.46,4,14,Mark Kuban,https://www.walmart.com/ip/BugMD-Vamoose-Plus-Peppermint-Oil-Mouse-Repellent-Pouches-Natural-Mice-Repellent-Indoor-Rat-Deterrent-House-Garage-RV-Car-Storage-Plant-Powered-Roden/19879320021
peppermint mouse repellent pouches,10,"Mouse Repellent, Rodent Repellent Pouches, 6.3x9.4 Inch Bag, Natural Peppermint Oil Mice Deterrent Indoor and Outdoor for Home RV Garage Car, 12 Pouches",9.05,0,0,Caolli,https://www.walmart.com/ip/Mouse-Repellent-Rodent-Repellent-Pouches-6-3x9-4-Inch-Bag-Natural-Peppermint-Oil-Mice-Deterrent-Indoor-Outdoor-Home-RV-Garage-Car-12-Pouches/20492405166
peppermint mouse repellent pouches,11,"Hygea Natural Rodent Repellent Spray - Peppermint, Cinnamon & Clove Oil Blend for Mice & Rats, Indoor & Outdoor, Family & Pet Friendly, No-Leak Sprayer, Repel Ants and Spiders (128 oz Gallon)",45,4,5,Hygea Natural,https://www.walmart.com/ip/Hygea-Natural-Rodent-Repellent-Spray-Peppermint-Cinnamon-Clove-Oil-Blend-Mice-Rats-Indoor-Outdoor-Family-Pet-Friendly-No-Leak-Sprayer-Repel-ants-spid/20550219173
peppermint mouse repellent pouches,12,"30 Pack Rodent Repellent - Mice Repellent Indoor/Outdoor - Moth Balls for Rodents, Mouse Repellent Peppermint, Keep Mice Away, Peppermint to Repel Mice and Rats, Rat Repellent for House",26.09,4,5,Sophia11,https://www.walmart.com/ip/30-Pack-Rodent-Repellent-Mice-Repellent-Indoor-Outdoor-Moth-Balls-Rodents-Mouse-Repellent-Peppermint-Keep-Mice-Away-Peppermint-Repel-Mice-Rats-Rat-Re/20415158472
peppermint mouse repellent pouches,13,"Mouse Repellent Pouches, Peppermint, 10 Pack",16.98,0,0,Dash Trading Inc USA,https://www.walmart.com/ip/Mouse-Repellent-Pouches-Peppermint-10-Pack/20790873872
peppermint mouse repellent pouches,14,"BugMD Vamoose! Plus Peppermint Oil Mouse Repellent Pouches | Natural Mice Repellent Indoor & Rat Deterrent for House, Garage, RV, Car & Storage | Plant-Powered Rodent Control - 1 Pack - 4 Pouches",27.09,4,408,Mark Kuban,https://www.walmart.com/ip/BugMD-Vamoose-Plus-Rodent-Repellent-1-Pack-4-Pouches-for-Enclosed-Spaces/17845265662
peppermint mouse repellent pouches,15,"20 Pack DashTI Mouse Rodent Repellent, Pest Repellent Pouches, Peppermint for Mice, Rats, Squirrels, Spiders and Pests Indoor/Outdoor",23.12,5,2,Dash Trading Inc USA,https://www.walmart.com/ip/DashTI-Mouse-Rodent-Repellent-Pest-Repellent-Pouches-Peppermint-20-Pack-for-Mice-Rats-Squirrels-Spiders-and-Pests-Indoor-Outdoor/20569259020
peppermint mouse repellent pouches,16,"Mouse Repellent,5Pcs 12 Pack Mouse Repellent Pouches,Natural Peppermint Oil Scent,Rat Repellent Indoor and Outdoor",23.93,0,0,gejumen,https://www.walmart.com/ip/Mouse-Repellent-5Pcs-12-Pack-Mouse-Repellent-Pouches-Natural-Peppermint-Oil-Scent-Rat-Repellent-Indoor-and-Outdoor/20981710194
peppermint mouse repellent pouches,17,"Mouse Repellent 10 Pack - Peppermint Oil Rodent Repellent Pouches for House, Garage, Attic, Basement, RV and Shed, Mice Repellent Indoor, No Poison",14.9,5,1,HongTeng-shop,https://www.walmart.com/ip/Mouse-Repellent-10-Pack-Peppermint-Oil-Rodent-Repellent-Pouches-for-House-Garage-Attic-Basement-RV-and-Shed-Mice-Repellent-Indoor-No-Poison/20431416959
peppermint mouse repellent pouches,18,"Mighty Mint Rodent Repellent/Deterrent Pouches, Peppermint, Cinnamon & Castor Oil, 10 CT",14.26,4,31,Walmart.com,https://www.walmart.com/ip/MIGHTY-MINT-RODENT-REPELLEN-POUCHES-10-CT/17687702239
peppermint mouse repellent pouches,19,"Grandpa Guss Extra-Strength Mouse Repellent Pouches, Peppermint & Cinnamon Oil, Natural Rodent Deterrent Control for Garage, RV, Car, Basement, Attic, Storage - 3 Pack",7.62,4,63,Walmart.com,https://www.walmart.com/ip/Grandpa-Gus-s-Natural-Mouse-Repellent-Pouches-3pk/17275311163
peppermint mouse repellent pouches,20,"Mouse Rodent Repellent, 24 Packs Peppermint Lemon Mice Repellent",8.45,3,2,kennysuit,https://www.walmart.com/ip/Mouse-Rodent-Repellent-24-Packs-Peppermint-Lemon-Mice-Repellent/20622053758
peppermint mouse repellent pouches,21,Victor Scent-Away Mouse Repellent - Repel by Scent - Natural Rodent Repellent - 2 Pack,4.98,4,396,Walmart.com,https://www.walmart.com/ip/Victor-Scent-Sachet-2-Pack/16690407630
peppermint mouse repellent pouches,22,"OFF! Area Insect & Mosquito Repellent, Outdoor Fogger, 8.5 oz",7.99,4,350,Walmart.com,https://www.walmart.com/ip/OFF-AREA-BUG-SPRY-8-5OZ-6-US/16705924061
peppermint mouse repellent pouches,23,"OFF! Sportsmen Insect Repellent 3 Deep Woods, Bug Spray, Mosquito Repellent Spray, 8 oz, 2 Ct",12.44,4,1313,Walmart.com,https://www.walmart.com/ip/OFF-Sportsmen-Deep-Woods-Insect-Repellent-Mosquito-Bug-Spray-2-ct-16-oz/960028867
peppermint mouse repellent pouches,24,"Shubug Kids and Family Clean Mist Insect Mosquito Repellent, 360 Mist Spray, 5oz",9.84,4,186,Walmart.com,https://www.walmart.com/ip/Shubug-Kids-Clean-Mist-360-Spray-5oz/18585211729
peppermint mouse repellent pouches,25,"Victor Snake-A-Way Outdoor Snake Repellent Granules for Yard, 4 lb Bag, Lasts 2-3 Months",8.85,4,1177,Walmart.com,https://www.walmart.com/ip/Victor-Snake-A-Way-Snake-Repelling-Granules-4lb-bag/682971309
peppermint mouse repellent pouches,26,"Sawyer Products SP5442 Picaridin Insect Repellent, 4-Ounce, Pump Spray, Twin Pack",20.88,4,311,Sawyer Products,https://www.walmart.com/ip/Sawyer-Products-SP5442-Picaridin-Insect-Repellent-4-Ounces-Twin-Pack/172718639
peppermint mouse repellent pouches,27,"BugMD Squito Stickers Mosquito Repellent Patch Stickers for Kids (234 Stickers), Safe & Effective Insect Repellent Patches for Toddlers, Kids, Camping, Beach & Outdoor Essentials",49.97,4,194,BugMD Direct,https://www.walmart.com/ip/BugMD-Squito-Stickers-Mosquito-Repellent-Patch-Stickers-Kids-234-Stickers-Safe-Effective-Insect-Repellent-Patches-Toddlers-Kids-Camping-Beach-Outdoor/10752521144
peppermint mouse repellent pouches,28,"OFF! Clean Feel Insect Repellent Aerosol, Fragrance Free, Picaridin Bug Spray, 5 oz",6.37,4,2032,Walmart.com,https://www.walmart.com/ip/OFF-Clean-Feel-20-Picaridin-Insect-Repellent-I-Aerosol-Fragrance-Free-Stocking-Stuffers-5-oz/1872163314
peppermint mouse repellent pouches,29,"OFF! FamilyCare Insect Repellent I, Smooth & Dry Spray, Outdoor Mosquito Repellent, 2.5 OZ.",4,4,2135,Walmart.com,https://www.walmart.com/ip/OFF-FamilyCare-Insect-Repellent-I-Smooth-Dry-Bug-Spray-2-5-fl-oz-1-ct/46414618
peppermint mouse repellent pouches,30,"Mosquito Repellent Bracelet - 25Pack - Deet Free Bug Bands for Kids, Adults & Pets - 100% Natural",18.95,4,33,TeamBierstick,https://www.walmart.com/ip/Mosquito-Repellent-Bracelet-25Pack-Deet-Free-Bug-Bands-for-Kids-Adults-Pets-100-Natural/12260173346
peppermint mouse repellent pouches,31,"Grandpa Gus's Natural Mouse Repellent Pouches, Natural Oils Repel Mice from Nesting & Freshen Air in Home/Cabin/Boat/Car Storage/RV/Machinery/Shed (Pack of 16)",44.99,4,19,VCM Products LLC,https://www.walmart.com/ip/Grandpa-Gus-s-Natural-Mouse-Repellent-Pouches-Natural-Oils-Repel-Mice-Nesting-Freshen-Air-Home-Cabin-Boat-Car-Storage-RV-Machinery-Shed-Pack-16/18272310470
peppermint mouse repellent pouches,32,Victor Scent-Away Mouse Repellent - Repel by Scent - Natural Rodent Repellent - 2 Pack,4.98,4,396,Walmart.com,https://www.walmart.com/ip/Victor-Scent-Sachet-2-Pack/16690407630
peppermint mouse repellent pouches,33,"12Pack Pest Control Pouches, Natural Peppermint Oil Repellent for Mice, Rats, Ants & Cockroaches, Long-Lasting Deterrent Moths & Spiders for Home, Car & RV",19.99,0,0,Jahy2Tech Store,https://www.walmart.com/ip/12Pack-Pest-Control-Pouches-Natural-Peppermint-Oil-Repellent-Mice-Rats-Ants-Cockroaches-Long-Lasting-Deterrent-Moths-Spiders-Safe-Scent-Barrier-Home/20718524136
peppermint mouse repellent pouches,34,"Double Tree Rodent Repellent Pouches, 60 Refills, Peppermint Cedar, Mice & Rats, 16 Qt",58.99,5,18,Double Tree Forest Products,https://www.walmart.com/ip/Double-Tree-Rodent-Repellent-Cedar-Granules-Mint-Cinnamon-16-Qt/20820773540
peppermint mouse repellent pouches,35,"Mouse Rodent Repellent, 48 Packs Peppermint Lemon Mice Repellent",14.83,1,1,kisoq,https://www.walmart.com/ip/Mouse-Rodent-Repellent-48-Packs-Peppermint-Lemon-Mice-Repellent/20618313255
peppermint mouse repellent pouches,36,"10 Pouches Mice Repellent for House, Peppermint Oil to Repel Mice and Rats, Rodent Repellent for House Squirrel Repellent Rodent Deterrent for Indoor Use",14.9,4,2,Trouble-Killer,https://www.walmart.com/ip/10-Pouches-Mice-Repellent-House-Peppermint-Oil-Repel-Mice-Rats-Rodent-Repellent-House-Squirrel-Repellent-Rodent-Deterrent-Indoor-Use/9917704403
peppermint mouse repellent pouches,37,"Pest Repellent Pouches, 10 Pack Peppermint Oil for Mice, Rodent, Mouse, Rats, Spider, Squirrel, Pest Control Indoor & Outdoor, Natural Mouse Deterrent Replace Traps Family & Pet Safe",14.57,4,4,xinde,https://www.walmart.com/ip/Pest-Repellent-Pouches-10-Pack-Peppermint-Oil-Mice-Rodent-Mouse-Rats-Spider-Squirrel-Pest-Control-Indoor-Outdoor-Natural-Mouse-Deterrent-Replace-Trap/19984502964
peppermint mouse repellent pouches,38,"Rodent Repellent Pouches,5Pcs 12-Pack Rodent Repellent Pouches Natural Peppermint and Cinnamon Oil Mouse Deterrent",25.51,0,0,gejumen,https://www.walmart.com/ip/Rodent-Repellent-Pouches-5Pcs-12-Pack-Rodent-Repellent-Pouches-Natural-Peppermint-and-Cinnamon-Oil-Mouse-Deterrent/20901309147
peppermint mouse repellent pouches,39,"Paddsun Mouse Rodent Repellent, 10Pack Peppermint Oil Mice Repellent for Rats Repellent Outside Groundhog Indoor & Outdoor Use",16.99,4,10,JINLANKEJI CO.LTD,https://www.walmart.com/ip/Paddsun-Mouse-Rodent-Repellent-10Pack-Peppermint-Oil-Mice-Repellent-for-Rats-Repellent-Outside-Groundhog-Indoor-Outdoor-Use/17967104663
peppermint mouse repellent pouches,40,"Vmose 10 Pack All Natural Rodent Repellent Pouches, Peppermint Oil Mouse Repellent Bags for Mice and Rat Control, Safe Long Lasting Indoor Outdoor Mice Deterrent, No Harsh Chemicals, Garage Attic RV",14.9,0,0,HongTeng-shop,https://www.walmart.com/ip/Vmose-10-Pack-Natural-Rodent-Repellent-Pouches-Peppermint-Oil-Mouse-Repellent-Bags-Mice-Rat-Control-Safe-Long-Lasting-Indoor-Outdoor-Mice-Deterrent-H/20505204742
peppermint mouse repellent pouches,41,"Mouse Rodent Repellent, 30 pack Peppermint Oil Lemon Moth Balls for Rodents Outdoor and Indoor Use, Deterrent Rats Squirrel Mice Repellent for Car Kitchen",25.64,4,7,Sophia11,https://www.walmart.com/ip/Mouse-Rodent-Repellent-30-Pack-Peppermint-Oil-Lemon-Moth-Balls-Rodents-Outdoor-Indoor-Use-Deterrent-Rats-Squirrel-Mice-Repellent-Car-Kitchen/20348521062
peppermint mouse repellent pouches,42,"BITOUSHI Mouse Repellent Pouches, 10 Pack Peppermint Oil for Mice Rodent Rats Squirrel Pests Repellent Indoor & Outdoor Use, Natural Rodent Rat Mouse Deterrent Family & Pet Safe",16.99,0,0,xuehaizhou,https://www.walmart.com/ip/BITOUSHI-Mouse-Repellent-Pouches-10-Pack-Peppermint-Oil-Mice-Rodent-Rats-Squirrel-Pests-Repellent-Indoor-Outdoor-Use-Natural-Rodent-Rat-Mouse-Deterre/16506811709
peppermint mouse repellent pouches,43,"1 Box (30 Packs) Peppermint Oil Rodent Repellent  Natural Mice and Rats Deterrent, Indoor Outdoor Safe for Home, Cars, Garages, RVs, Pet Friendly",7.98,2,3,kennysuit,https://www.walmart.com/ip/3-Bags-30-Packs-Peppermint-Oil-Rodent-Repellent-Natural-Mice-and-Rats-Deterrent-Indoor-Outdoor-Safe-for-Home-Cars-Garages-RVs-Pet-Friendly/20376619599
peppermint mouse repellent pouches,44,"20 pack Mouse Rodent Repellent, Pest Repellent Pouches, Peppermint for Mice, Rats Indoor and Outdoor Use",25.99,0,0,Dash Trading Inc USA,https://www.walmart.com/ip/20-Pack-Mouse-Rodent-Repellent-Pest-Repellent-Pouches-Peppermint-for-Mice-Rats-Squirrels-Spiders-and-Pests/20897214595
peppermint mouse repellent pouches,45,"Pest Rodent Repellent Pouches, Peppermint Oil for Mouse, Spiders, Squirrel, Mice, Rats, Pest Control Indoor Outdoor, Natural Mouse Deterrent Replace Traps Poison Family Pet Safe,2Box",16.99,0,0,Aidua,https://www.walmart.com/ip/Pest-Rodent-Repellent-Pouches-Peppermint-Oil-Mouse-Spiders-Squirrel-Mice-Rats-Pest-Control-Indoor-Outdoor-Natural-Mouse-Deterrent-Replace-Traps-Poiso/21033561666
peppermint mouse repellent pouches,46,"30 Pack Natural Mouse Repellent Pouches - Rodent Repellent Peppermint Oil Formula, Protectionfor Home, Car & Garden, Pet Safe",26.99,3,211,Sophia11,https://www.walmart.com/ip/30-Pack-Natural-Mouse-Repellent-Pouches-Rodent-Repellent-Peppermint-Oil-Formula-Protectionfor-Home-Car-Garden-Pet-Safe/20822315700
peppermint mouse repellent pouches,47,GoLucid Peppermint Rodent Repellent Scent Pouches 10 Pack Natural Mouse Deterrent Bags Absorb Odors Safe Home Kitchen Garage 3.9 in,14.99,0,0,Offaod Seasonal Decor,https://www.walmart.com/ip/Gomind-Peppermint-Rodent-Repellent-Scent-Pouches-10-Pack-Natural-Mouse-Deterrent-Bags-Absorb-Odors-Safe-Home-Kitchen-Garage-3-9-in/21015164216
peppermint mouse repellent pouches,48,"Mouse Repellent Pouches, 20 Pack Natural Peppermint & Cinnamon Oil Scented Sacks for Indoor Home, RV, Boat, Car Storage, Shed & Cabin Pest Deterrent,",16.99,5,1,G PEH Store,https://www.walmart.com/ip/Mouse-Repellent-Pouches-20-Pack-Natural-Peppermint-Cinnamon-Oil-Scented-Sacks-for-Indoor-Home-RV-Boat-Car-Storage-Shed-Cabin-Pest-Deterrent/20864956321
peppermint mouse repellent pouches,49,25 Pack Peppermint Oil Rodent Repellent Balls for Indoor Outdoor Use Mouse Deterrent Sachets for Home Garage Shed,10.58,5,1,Njvcvv,https://www.walmart.com/ip/25-Pack-Peppermint-Oil-Rodent-Repellent-Balls-for-Indoor-Outdoor-Use-Mouse-Deterrent-Sachets-for-Home-Garage-Shed/20687863868
peppermint mouse repellent pouches,50,"JiangHui 12 Pack Rodent Repellent Pouches,Mouse Repellent Pouches,Natural Peppermint Oil Scent Long-Lasting for 90 Days,Rat Repellent Indoor and Outdoor for Home RV Garage Car",12.52,0,0,haochengstore,https://www.walmart.com/ip/JiangHui-12-Pack-Rodent-Repellent-Pouches-Mouse-Repellent-Pouches-Natural-Peppermint-Oil-Scent-Long-Lasting-90-Days-Rat-Repellent-Indoor-Outdoor-Home/20638006148
peppermint mouse repellent pouches,51,"Vamoo 10 Pack: Natural Mouse Repellent Pouches - rodent repellent Peppermint Oil Formula, 90-Day Protectionfor Home, Car & Garden, Pet Safe",12.78,4,11,junhu,https://www.walmart.com/ip/Vamoo-10-Pack-Natural-Mouse-Repellent-Pouches-rodent-repellent-Peppermint-Oil-Formula-90-Day-Protectionfor-Home-Car-Garden-Pet-Safe/17813770820
peppermint mouse repellent pouches,52,"Mouse Rodent Repellent, 48 Pack Peppermint Lemon Mice Repellent",35.99,3,18,globaldeals,https://www.walmart.com/ip/Mouse-Rodent-Repellent-48-Pack-Peppermint-Lemon-Mice-Repellent/20006816526
peppermint mouse repellent pouches,53,"Natural Peppermint Oil Formula,Rodent Repellent Plant-Based Pouches for Indoor Mice Control - Child/Pet Safe,Long-Lasting Rodent Repellent Pouches (10 Pack)  - Stops Mice in Attics/Garages Safely",15.89,4,4,GAOjingang,https://www.walmart.com/ip/Natural-Peppermint-Oil-Formula-Rodent-Repellent-Plant-Based-Pouches-Indoor-Mice-Control-Child-Pet-Safe-Long-Lasting-Rodent-Repellent-Pouches-10-Pack/17300001763
peppermint mouse repellent pouches,54,Onemayship Natural Peppermint Oil Sachet Design 10 Pack Indoor Mice Rat Insect Repellent Home Protection,16.99,2,5,JINLANKEJI CO.LTD,https://www.walmart.com/ip/Onemayship-Natural-Peppermint-Oil-Sachet-Design-10-Pack-Indoor-Mice-Rat-Insect-Repellent-Home-Protection/6104072682
peppermint mouse repellent pouches,55,"RibRave Peppermint Oil Botanical Pest Repellent, 10 Pack",13.99,4,9,Trouble-Killer,https://www.walmart.com/ip/RibRave-Peppermint-Oil-Botanical-Pest-Repellent-10-Pack/5707566821
peppermint mouse repellent pouches,56,"HYEASTR Mouse Repellent Pouches, 10Pcs Peppermint Oil to Repel Mice and Rats, Rodent Repelling Packs, Natural Rat Deterrent, Indoor & Outdoor Use, Use at Home, RVs, Cars, Family & Pet Safe",16.99,0,0,xuehaizhou,https://www.walmart.com/ip/HYEASTR-Mouse-Repellent-Pouches-10Pcs-Peppermint-Oil-Repel-Mice-Rats-Rodent-Repelling-Packs-Natural-Rat-Deterrent-Indoor-Outdoor-Use-Use-Home-RVs-Car/20584506659
peppermint mouse repellent pouches,57,"JahyShow Mouse Repellent Pouches, 10 Pack Plant-Based Peppermint Deterrent for Indoor & Outdoor Use Natural Protection for Home Yard Garage & Attic Pet Safe & Easy to Apply",17.99,0,0,G PEH Store,https://www.walmart.com/ip/JahyShow-Mouse-Repellent-Pouches-10-Pack-Plant-Based-Peppermint-Deterrent-Indoor-Outdoor-Use-Natural-Protection-Home-Yard-Garage-Attic-Pet-Safe-Easy/21051305350
peppermint mouse repellent pouches,58,"Rodent Repellent Pouches, Mouse Repellent for Home RV Garage Car Basement, Mice Indoor & Outdoor Deterrent, Peppermint Cinnamon Cedarwood Rat Repellent, Plant-Based Natural Pest Control",9.99,3,1,AIJUH,https://www.walmart.com/ip/Rodent-Repellent-Pouches-Mouse-Repellent-Home-RV-Garage-Car-Basement-Mice-Indoor-Outdoor-Deterrent-Peppermint-Cinnamon-Cedarwood-Rat-Repellent-Plant/20648454230
peppermint mouse repellent pouches,59,Peppermint Oil Rodent Repellent Pouches 10 Pack Natural Mice Deterrent Scent Bags Long Lasting Pest Control for Indoor Pantry Kitchen Garage Attic Car Engine RV Storage Sheds Bags,13.99,0,0,YueXi,https://www.walmart.com/ip/Peppermint-Oil-Rodent-Repellent-Pouches-10-Pack-Natural-Mice-Deterrent-Scent-Bags-Long-Lasting-Pest-Control-Indoor-Pantry-Kitchen-Garage-Attic-Car-En/20972856960
peppermint mouse repellent pouches,60,"16 PACK! Mouse Rat Rodent Natural Peppermint Oil Pouches, Kid & Pet Safe Repellent Deterrent for Home, Car, Truck, RV, Garage, etc.",24.99,0,0,GOLDRIVER CONSULTING COMPANY,https://www.walmart.com/ip/16-PACK-Mouse-Rat-Rodent-Natural-Peppermint-Oil-Pouches-Kid-Pet-Safe-Repellent-Deterrent-for-Home-Car-Truck-RV-Garage-etc/19664965151
peppermint mouse repellent pouches,61,"BugMD Vamoose - Rodent Repellent Pouches (1 Pack, 4 Pouches), Plant-Powered Rat Repellent, Rodent Defense Mice Repellent, Rat Repellent, Mouse Deterrent Indoor",24.73,3,756,Mark Kuban,https://www.walmart.com/ip/BugMD-Vamoose-Rodent-Repellent-Pouches-1-Pack-4-Pouches-Plant-Powered-Rat-Repellent-Rodent-Defense-Mice-Repellent-Rat-Repellent-Mouse-Deterrent-Indoo/840803078
peppermint mouse repellent pouches,62,"Grandpa Gus's Animal Repellent Pouch for Mice 10 pk - Total Qty: 1  Residential Use, Standard Application",32.99,4,11,Supply the Home,https://www.walmart.com/ip/Grandpa-Gus-s-Animal-Repellent-Pouch-for-Mice-10-pk-Total-Qty-1/5222621896
peppermint mouse repellent pouches,63,Victor Scent-Away Mouse Repellent - Repel by Scent - Natural Rodent Repellent - 2 Pack,4.98,4,396,Walmart.com,https://www.walmart.com/ip/Victor-Scent-Sachet-2-Pack/16690407630
peppermint mouse repellent pouches,64,Bonide 8636 Replnt Rodent Scent Pks,12.99,4,48,KBBee Gardens,https://www.walmart.com/ip/Bonide-Products-Rat-Magic-Animal-Repellent-Rodent-Scent-Pack-Black-1-lbs/638470406
peppermint mouse repellent pouches,65,"Mighty Mint Peppermint Oil Rodent Repellent Spray, 16 fl oz",21.98,4,1110,Pure Origin Products,https://www.walmart.com/ip/Mighty-Mint-16oz-Peppermint-Oil-Rodent-Repellent-Spray/273581692
peppermint mouse repellent pouches,66,"Natural Peppermint Rodent Repellent Tablets, 50 Count Plant-Based Mouse Rat Deterrent, Indoor & Outdoor Long Lasting Rodent Repeller for Attic, Garage, Warehouse, Yard Safe Non-Toxic Pest Control",10.87,0,0,kisoq,https://www.walmart.com/ip/Natural-Peppermint-Rodent-Repellent-Tablets-50-Count-Plant-Based-Mouse-Rat-Deterrent-Indoor-Outdoor-Long-Lasting-Rodent-Repeller-Attic-Garage-Warehou/20630918746
peppermint mouse repellent pouches,67,"Bonide Mouse Magic Mouse Repellent Scent Packs, 4 Ready-to-Use Packs for Indoor & Outdoor Use, People & Safe 12-pk",29.21,0,0,Supply the Home,https://www.walmart.com/ip/Bonide-Mouse-Magic-Mouse-Repellent-Scent-Packs-4-Ready-to-Use-Packs-for-Indoor-Outdoor-Use-People-Safe-12-pk/20110871253
peppermint mouse repellent pouches,68,Mighty Mint Gallon (128 oz) Rodent Repellent Peppermint Oil Spray,37.98,4,990,Pure Origin Products,https://www.walmart.com/ip/Mighty-Mint-Gallon-128-oz-Rodent-Repellent-Peppermint-Oil-Spray/227833402
peppermint mouse repellent pouches,69,"JahyShow 8 Pack Mouse Be Gone,with Mint/Garlic Repel Mice from Nesting & Freshen Air in Car/RV/Boat/Garage/Shed/Cabin",10.99,3,3,LFD Store,https://www.walmart.com/ip/JahyShow-8-Pack-Mouse-Be-Gone-with-Mint-Garlic-Repel-Mice-from-Nesting-Freshen-Air-in-Car-RV-Boat-Garage-Shed-Cabin/17554550126
peppermint mouse repellent pouches,70,"Bonide Mouse Magic Mouse Repellent Scent Packs, 4 Ready-to-Use Packs for Indoor & Outdoor Rodent Control, People & Pet Safe",14.86,0,0,Supply the Home,https://www.walmart.com/ip/Bonide-Mouse-Magic-Mouse-Repellent-Scent-Packs-4-Ready-to-Use-Packs-for-Indoor-Outdoor-Rodent-Control-People-Pet-Safe/20142253788
