k,tipo,categoria,anunciantes_21d,dias_mas_antiguo,lider,lider_anuncios_muestra,lider_stt_activos,precio_rivales,precios_leidos,precio_ali,ali_tachado,ali_nuevo_usuario,ali_vendidos,ali_titulo,ali_url,ali_foto,landed_pct,margen_bruto,escalon,falla
rain_catcher,Cadena de lluvia con pájaros (rain catcher),Jardín,3,111,perpetualing.com,13,27,30.99,$25.99 / $35.99,6.89,33.81,si,83 sold,Creative Birds On Cups Metal Rain Chain Rain Catcher Gutter Roof Rainwater Catcher Chain Drainage Downspout To,https://www.aliexpress.us/item/3256811982331062.html,https://ae-pic-a1.aliexpress-media.com/kf/S04349cdf2b9a4186b10f88c9c761eac6w.jpg,22,16.1,Base,persona en pantalla sin verificar; precio Ali de nuevo usuario (no firme)
sheet_holder,Tensores de sábana (sheet holder straps),Hogar,5,123,avocadobite.com,5,,19.31,$12.95 / $14.99 / $29.99,4.59,9.56,si,"3,000+ sold",Bed Sheet Holder Straps Adjustable Elastic Band Fitted Bed Sheet Holder Fasteners Suspenders Clip Suit,https://www.aliexpress.us/item/3256807605643524.html,https://ae-pic-a1.aliexpress-media.com/kf/Sb5ac44683b1e498e8c94d1d9007ac661V.jpg,24,6.72,Escalón 1 + 3,antigüedad 123 d; ticket medio $19
hat_rack,Organizador de gorras de pared,Organización,3,56,mindsparkl.com,11,183,17.95,$15.9 / $19.99,2.33,11.49,si,700+ sold,"10 Grids Baseball Cap Storage Rack Wall Mounted, No Drilling Required",https://www.aliexpress.us/item/3256809728547733.html,https://ae-pic-a1.aliexpress-media.com/kf/S327295ce1d3946d39c605fd1ac60736aY.jpg,13,7.62,Escalón 3,ticket $16–20 (<$20)
burner_covers,Protectores de quemadores de gas reutilizables,Cocina,2,45,glowsoftnook.com,13,,20.99,$20.99,1.09,,si,385 sold,Gas Stove Burner Covers Mat 1/4PCS Gas Stove Protector Stovetop Burner Covers Kitchen Accessories Washable Mat,https://www.aliexpress.us/item/3256807521722078.html,https://ae-pic-a1.aliexpress-media.com/kf/Saa87d92512394b668bc47b5d59dacba4i.jpg,5,11.9,Escalón 2,solo 2 anunciantes ≥21 d; precio de 1 rival
egg_opener,Abridor de huevos,Cocina,7,144,pineapplea.com,5,,16.24,$9.98 / $14.99 / $17.99 / $21.99,4.81,9.63,si,434 sold,Egg Shell Opener Stainless Steel Egg Cup Holders Hard Soft Boiled Egg Topper Cutter Cracker Kitchen Tools Gadg,https://www.aliexpress.us/item/3256806080339062.html,https://ae-pic-a1.aliexpress-media.com/kf/S6c9061d128ef41ee96efcef50e348e538.jpg,30,3.43,Escalón 1 + 3,antigüedad 144 d; ticket medio $16; margen <$5
hose_nozzle,Boquilla de manguera a presión giratoria,Jardín / Coche,5,65,zenblux.com,5,,,no verificado,3.33,13.71,si,135 sold,"High-Pressure Car Washing Water Gun, Equipped With Multi-Functional Garden Hose Nozzle Or Foam Canister,Adjust",https://www.aliexpress.us/item/3256811941398689.html,https://ae-pic-a1.aliexpress-media.com/kf/S14d0c2b9e0ae493e91647a353f87bfa2d.jpeg,,,Base,precio de rivales no verificado (tiendas no leídas)
leather_repair_patch,Parche autoadhesivo de cuero,Hogar,5,894,mindsparkl.com,1,153,29.99,$29.99,1.09,2.44,si,"10,000+ sold",10-300cm Self Adhesive Leather Repair Patch Tape Self-Adhesive House DIY Fix For Sofa Moto Car Seat Bag Home S,https://www.aliexpress.us/item/3256808114686064.html,https://ae-pic-a1.aliexpress-media.com/kf/Se7904b8322a242b29594f5a26d5ac4d0W.jpg,4,20.9,Fuera de filtro,tipo con 894 d (evergreen) y 9 tiendas nuevas en <21 d: enjambre entrando
back_seat_extender,Extensor de asiento trasero para perro (base rígida),Mascotas / Coche,3,27,urbanpupgears.com,4,,106.66,$99.99 / $119.99 / $99.99,41.05,92.1,si,357 sold,Dog Car Backseat Cover Extender with Detachable Solid Hard Bottom Car Waterproof Cushion Pet Back Seat Pad Cat,https://www.aliexpress.us/item/3256810620250423.html,https://ae-pic-a1.aliexpress-media.com/kf/S4785788fe2f94fd9855313c74c3129eam.jpg,38,57.61,Fuera de filtro,ticket $100–120 y genérico $41 (>$12)
exfoliating_glove,Guante exfoliante de ducha,Baño / Belleza,5,228,cheekyglo.com,8,,16.5,$9.99 / $23.0,1.33,3.96,si,"5,000+ sold",2Pcs/Pair Bath for Peeling Exfoliating Mitt Glove with Shower Scrub Gloves Resistance Body Massage Sponge Wash,https://www.aliexpress.us/item/3256806810306410.html,https://ae-pic-a1.aliexpress-media.com/kf/Sbb33167ff2c34cdea3786e1abb5301993.jpg,8,7.17,Fuera de filtro,tipo con 228 d; rivales con claims de piel (KP)
ice_cube_water_bottle,Botella que hace hielo (ice cube bottle),Cocina / Viaje,1,89,shopmoderny.com,24,73,24.99,$24.99,1.48,13.22,si,51 sold,500ML Large Capacity Ice Cube Maker Water Bottle Silicone Tray with Straw for Juice Beverage Cooling Ice Makin,https://www.aliexpress.us/item/3256811988063359.html,https://ae-pic-a1.aliexpress-media.com/kf/S9a675e1f64c34d20b1670238521b3da4Y.jpg,6,15.51,Fuera de filtro,1 solo anunciante y su anuncio dice que cierra la colección (escasez)
