url,producto,variante,precio,precio_tachado,stock
https://ggvbeauty.com/products/christmas-light-projector-instant-holiday-magic-for-your-home-yard,Christmas Light Projector – Instant Holiday Magic For Your Home & Yard,6 Christmas Scenes,25.99,51.98,InStock
https://ggvbeauty.com/products/christmas-light-projector-instant-holiday-magic-for-your-home-yard,Christmas Light Projector – Instant Holiday Magic For Your Home & Yard,10 Christmas Scenes,27.99,55.98,InStock
https://noomoriey.com/products/plug-play-hd-christmas-projector-6-or-10-festive-scenes,HD Christmas Projector – 6 or 10 Festive Scenes,🎄 Christmas 6 Scenes,24.99,26.99,InStock
https://noomoriey.com/products/plug-play-hd-christmas-projector-6-or-10-festive-scenes,HD Christmas Projector – 6 or 10 Festive Scenes,🎄 Christmas 10 Scenes,24.99,32.99,InStock
https://noomoriey.com/products/plug-play-hd-christmas-projector-6-or-10-festive-scenes,HD Christmas Projector – 6 or 10 Festive Scenes,🎃 Halloween Edition,24.99,26.99,InStock
https://jovqelo.com/products/plug-play-hd-christmas-projector-6-or-10-festive-scenes,✨HD Christmas Projector – 6 or 10 Festive Scenes(📦Buy 3 Free Shipping),🎄 Christmas 6 Scenes,24.99,48.99,InStock
https://jovqelo.com/products/plug-play-hd-christmas-projector-6-or-10-festive-scenes,✨HD Christmas Projector – 6 or 10 Festive Scenes(📦Buy 3 Free Shipping),🎄 Christmas 10 Scenes,27.99,54.99,InStock
https://jovqelo.com/products/plug-play-hd-christmas-projector-6-or-10-festive-scenes,✨HD Christmas Projector – 6 or 10 Festive Scenes(📦Buy 3 Free Shipping),🎃 Halloween 6 Scenes,24.99,48.99,InStock
https://jovqelo.com/products/plug-play-hd-christmas-projector-6-or-10-festive-scenes,✨HD Christmas Projector – 6 or 10 Festive Scenes(📦Buy 3 Free Shipping),🦋🌊Butterfly & Ocean 6 Scenes,24.99,54.99,InStock
https://rhykin.com/products/groompro,GroomPro™,Default Title,29.00,42.00,InStock
https://suzvo.com/products/professional-double-sided-pet-grooming-rake,Professional Double-Sided Pet Grooming Rake ✨ Undercoat Deshedding Tool for Dogs & Cats 🐶🐱,Blue / 1-Pack,22.99,19.99,InStock
https://suzvo.com/products/professional-double-sided-pet-grooming-rake,Professional Double-Sided Pet Grooming Rake ✨ Undercoat Deshedding Tool for Dogs & Cats 🐶🐱,Blue / 2-Pack – Extra $5 OFF,32.99,39.98,InStock
https://suzvo.com/products/professional-double-sided-pet-grooming-rake,Professional Double-Sided Pet Grooming Rake ✨ Undercoat Deshedding Tool for Dogs & Cats 🐶🐱,Blue / 3-Pack – Extra $10 OFF,42.99,59.97,InStock
https://suzvo.com/products/professional-double-sided-pet-grooming-rake,Professional Double-Sided Pet Grooming Rake ✨ Undercoat Deshedding Tool for Dogs & Cats 🐶🐱,Rose Pink / 1-Pack,22.99,19.99,InStock
https://suzvo.com/products/professional-double-sided-pet-grooming-rake,Professional Double-Sided Pet Grooming Rake ✨ Undercoat Deshedding Tool for Dogs & Cats 🐶🐱,Rose Pink / 2-Pack – Extra $5 OFF,32.99,19.99,InStock
https://suzvo.com/products/professional-double-sided-pet-grooming-rake,Professional Double-Sided Pet Grooming Rake ✨ Undercoat Deshedding Tool for Dogs & Cats 🐶🐱,Rose Pink / 3-Pack – Extra $10 OFF,42.99,19.99,InStock
https://thegiftnorth.com/products/professional-deshedding-tool-for-dogs-cats-gentle-efficient-fur-free-home-3,"🐾 Professional Deshedding Tool for Dogs & Cats – Gentle, Efficient & Fur-Free Home ✨💖",Blue / 🔥Large,23.99,38.99,InStock
https://thegiftnorth.com/products/professional-deshedding-tool-for-dogs-cats-gentle-efficient-fur-free-home-3,"🐾 Professional Deshedding Tool for Dogs & Cats – Gentle, Efficient & Fur-Free Home ✨💖",Pink / 🔥Large,23.99,38.99,InStock
https://tryfurrlab.com/products/shed-zero,Furr Lab Shed Zero Food Topper,Default Title,49.00,,InStock
https://dailyardsupply.com/products/double-sided-pet-grooming-brush-hurtless-shedding-dematting-undercoat-rake-for-dogs-and-cats,🐾Double-Sided Pet Grooming Brush – Hurtless Shedding & Dematting Undercoat Rake for Dogs and Cats,Blue,17.99,,InStock
https://dailyardsupply.com/products/double-sided-pet-grooming-brush-hurtless-shedding-dematting-undercoat-rake-for-dogs-and-cats,🐾Double-Sided Pet Grooming Brush – Hurtless Shedding & Dematting Undercoat Rake for Dogs and Cats,Rose Red,17.99,,InStock
https://kittysupps.com/products/taurine,KittySupps™ Taurine Supplement,Default Title,49.95,60.00,InStock
https://clarioy.com/products/houstonget-ironing-machine,"⏳🔥LIMITED-TIME 50% OFF! 👕 Portable Mini Steam Iron – Quick, Easy & Wrinkle-Free ✨",Green / Buy 1,29.99,59.98,InStock
https://clarioy.com/products/houstonget-ironing-machine,"⏳🔥LIMITED-TIME 50% OFF! 👕 Portable Mini Steam Iron – Quick, Easy & Wrinkle-Free ✨",Green / 🔥Buy 2--Save $10,48.99,97.98,InStock
https://clarioy.com/products/houstonget-ironing-machine,"⏳🔥LIMITED-TIME 50% OFF! 👕 Portable Mini Steam Iron – Quick, Easy & Wrinkle-Free ✨",White / Buy 1,29.99,59.98,InStock
https://clarioy.com/products/houstonget-ironing-machine,"⏳🔥LIMITED-TIME 50% OFF! 👕 Portable Mini Steam Iron – Quick, Easy & Wrinkle-Free ✨",White / 🔥Buy 2--Save $10,48.99,97.98,InStock
https://clarioy.com/products/houstonget-ironing-machine,"⏳🔥LIMITED-TIME 50% OFF! 👕 Portable Mini Steam Iron – Quick, Easy & Wrinkle-Free ✨",Gray / Buy 1,29.99,59.98,InStock
https://clarioy.com/products/houstonget-ironing-machine,"⏳🔥LIMITED-TIME 50% OFF! 👕 Portable Mini Steam Iron – Quick, Easy & Wrinkle-Free ✨",Gray / 🔥Buy 2--Save $10,48.99,97.98,InStock
https://choosemuc.com/products/po7j,"💗Last day of the sale: 50% off⚡50,000+ sold💕Portable mini iron",Green / Portable mini iron,19.99,39.99,InStock
https://choosemuc.com/products/po7j,"💗Last day of the sale: 50% off⚡50,000+ sold💕Portable mini iron",Green / Portable mini iron + Heat Resistant Ironing Pad 🧺🎁,25.99,59.99,InStock
https://choosemuc.com/products/po7j,"💗Last day of the sale: 50% off⚡50,000+ sold💕Portable mini iron",White / Portable mini iron,19.99,39.99,InStock
https://choosemuc.com/products/po7j,"💗Last day of the sale: 50% off⚡50,000+ sold💕Portable mini iron",White / Portable mini iron + Heat Resistant Ironing Pad 🧺🎁,25.99,59.99,InStock
https://choosemuc.com/products/po7j,"💗Last day of the sale: 50% off⚡50,000+ sold💕Portable mini iron",Gray / Portable mini iron,19.99,39.99,InStock
https://choosemuc.com/products/po7j,"💗Last day of the sale: 50% off⚡50,000+ sold💕Portable mini iron",Gray / Portable mini iron + Heat Resistant Ironing Pad 🧺🎁,25.99,59.99,InStock
https://loribeaut.com/products/portable-mini-steam-iron,🔥Limited Time Promotion 50% OFF🔥Portable Mini Steam Iron,Green / US,33.99,59.98,InStock
https://loribeaut.com/products/portable-mini-steam-iron,🔥Limited Time Promotion 50% OFF🔥Portable Mini Steam Iron,Green / EU,33.99,59.98,InStock
https://loribeaut.com/products/portable-mini-steam-iron,🔥Limited Time Promotion 50% OFF🔥Portable Mini Steam Iron,Green / UK,33.99,59.98,InStock
https://loribeaut.com/products/portable-mini-steam-iron,🔥Limited Time Promotion 50% OFF🔥Portable Mini Steam Iron,White / US,33.99,59.98,InStock
https://loribeaut.com/products/portable-mini-steam-iron,🔥Limited Time Promotion 50% OFF🔥Portable Mini Steam Iron,White / EU,33.99,59.98,InStock
https://loribeaut.com/products/portable-mini-steam-iron,🔥Limited Time Promotion 50% OFF🔥Portable Mini Steam Iron,White / UK,33.99,59.98,InStock
https://loribeaut.com/products/portable-mini-steam-iron,🔥Limited Time Promotion 50% OFF🔥Portable Mini Steam Iron,Gray / US,33.99,59.98,InStock
https://loribeaut.com/products/portable-mini-steam-iron,🔥Limited Time Promotion 50% OFF🔥Portable Mini Steam Iron,Gray / EU,33.99,59.98,InStock
https://loribeaut.com/products/portable-mini-steam-iron,🔥Limited Time Promotion 50% OFF🔥Portable Mini Steam Iron,Gray / UK,33.99,59.98,InStock
https://www.pawtique.co/products/ultrasonic-dog-repeller,Handheld Ultrasonic Dog Trainer & Deterrent,Default Title,39.99,49.99,InStock
https://furrybasics.com/products/bark,FurryBasics® Bark Deterrent,Default Title,34.99,99.99,InStock
