consulta,id,titulo,precio,tachado,dto_%,vendidos,estrellas,envio_etiquetas,sale_desde,precio_nuevo_usuario,url,imagen
rotary fly tying vise,3256812117982748,"1pc 360 Degree Rotatable Fly Tying Tool, Fly Bait Making Tool, Fly Tying Vise For Making Trout Salmon Fishing ",19.96,,69,868 sold,4.9,,CN,si,https://www.aliexpress.us/item/3256812117982748.html,https://ae-pic-a1.aliexpress-media.com/kf/S7ccb6da82ba4495b8eac8dd5816739f0E.jpg
rotary fly tying vise,3256813074614083,Stainless Steel Fly Tying Vise Rotary Fly Tying Vise Artificial Fly Making Tool Bait Making Tools for Fly Maki,107.16,,50,,,,CN,si,https://www.aliexpress.us/item/3256813074614083.html,https://ae-pic-a1.aliexpress-media.com/kf/S628f9f7302384f18a71e0ed1b9827453y.jpg
rotary fly tying vise,3256812202341811,"360° Rotatable Fly Tying Vise with Sturdy Base, Adjustable Aluminum Fly Tying Tool with Carbon Steel Jaws Prec",25.75,,69,71 sold,4.9,,CN,si,https://www.aliexpress.us/item/3256812202341811.html,https://ae-pic-a1.aliexpress-media.com/kf/Sd11edc8ec35e45f18070ab4b23aa642eq.jpg
rotary fly tying vise,3256811954652738,"1pc 360 Degree Rotatable Fly Tying Tool, Fly Bait Making Tool, Fly Tying Vise For Making Trout Salmon Fishing ",23.01,,69,135 sold,4.5,,CN,si,https://www.aliexpress.us/item/3256811954652738.html,https://ae-pic-a1.aliexpress-media.com/kf/S03aba3757b344134b3a4c52268ad3106o.jpg
rotary fly tying vise,3256812211455533,"360° Rotary Fly Tying Vise, Lightweight Anodized Aluminum Travel Vise with Carbon Steel Jaws, Adjustable Fly T",20.17,,73,11 sold,4.8,,CN,si,https://www.aliexpress.us/item/3256812211455533.html,https://ae-pic-a1.aliexpress-media.com/kf/S63372b4fc3ec4c85a8104bcc02742d279.jpg
rotary fly tying vise,3256812966077579,Dr.Fish Fly Tying Vise Stainless Steel Aluminum C-Clamp 360 Degree Rotary Mount 40Cr Hard Jaws for Fly Fishing,69.1,,,,,,CN,si,https://www.aliexpress.us/item/3256812966077579.html,https://ae-pic-a1.aliexpress-media.com/kf/Sc086f9e775734239ba572ac32af3d383Q.jpg
rotary fly tying vise,3256812938320510,Fly Fishing Hook Tying Tool Stainless Steel Rotary Fly Fishing Lure Making Vice For Fishing Hook Rotary Tying ,1.09,,91,,,,CN,si,https://www.aliexpress.us/item/3256812938320510.html,https://ae-pic-a1.aliexpress-media.com/kf/Sec516a69ce3d48e183b35159fc589a246.jpeg
rotary fly tying vise,3256812285626740,Goture Multifunction Fishing Tools Accessories for Goods Winter Tackle Pliers Vise Knitting Flies Scissors Bra,1.09,,80,,,,CN,si,https://www.aliexpress.us/item/3256812285626740.html,https://ae-pic-a1.aliexpress-media.com/kf/Scd7f10b32c3e48be92dbfb6342510de3V.jpg
rotary fly tying vise,3256812900742275,Portable Lightweight Fly Tying Vise Rotary for 12#-24# Hook Fly Binding Vise with Stable Base Lure Making Vise,19.79,,,,,,CN,si,https://www.aliexpress.us/item/3256812900742275.html,https://ae-pic-a1.aliexpress-media.com/kf/S0cfeaa9036874d03a592a6d0d94d07d6b.jpg
rotary fly tying vise,3256809983570411,Rotary Fly Tying Vise Kit With Bobbin Holder Threader Whip Finisher Bodkin Hackle Pliers for Jigging bait Fly ,10.21,,62,30 sold,5,,CN,si,https://www.aliexpress.us/item/3256809983570411.html,https://ae-pic-a1.aliexpress-media.com/kf/Sac51c3d467404e9fb5880b6e2e816bc5u.jpg
rotary fly tying vise,3256805154763202,MNFT 1Set Rotary Fly Tying Vise - Practical Fly Fishing Vise with 360° Rotation and Multiple Adjustments for T,37.42,,78,8 sold,5,,CN,si,https://www.aliexpress.us/item/3256805154763202.html,https://ae-pic-a1.aliexpress-media.com/kf/Se05800108bcc4d16860b93a9651ee60cs.jpg
rotary fly tying vise,3256808310818321,Fishing Pliers Tools Accessories for Goods Tackle Pliers Vise Knitting Flies Scissors Braid Set Fish  Tongs Mu,1.09,,74,101 sold,4.3,,CN,si,https://www.aliexpress.us/item/3256808310818321.html,https://ae-pic-a1.aliexpress-media.com/kf/S294a0528280740b0a41f95f8b9725a129.jpg
rotary fly tying vise,3256812219007210,Rotary Fly Tying Vise with Travel Case Fly Tying Vice Kit,74.14,,72,,,,US,si,https://www.aliexpress.us/item/3256812219007210.html,https://ae-pic-a1.aliexpress-media.com/kf/Sd7c38db56772453aba9a177422454320h.jpg
rotary fly tying vise,3256810573033207,Rotating Fly Fishing Lure Tool Set Fly Fishing Lure Making Vice Suitable for Making Dry and Wet Lures for Trou,22,,71,179 sold,4.9,,CN,si,https://www.aliexpress.us/item/3256810573033207.html,https://ae-pic-a1.aliexpress-media.com/kf/Sad4753eb6efc45189fc0ab82e7f73523I.jpg
rotary fly tying vise,3256810176190795,Maxcatch TVC Rotary Fly Tying Vise #10-#18 Anodized Aluminum Construction with Hinged Stem Rotating Head Fly T,65.46,,41,,,,CN,si,https://www.aliexpress.us/item/3256810176190795.html,https://ae-pic-a1.aliexpress-media.com/kf/S3ba46b3e20b34034b0480d999995498c8.jpg
rotary fly tying vise,3256804221666212,Royal Sissi prograde 360degree rotary fly tying vise with refined steel hardened hook jaw durable handy vise f,46.87,,19,,,,CN,si,https://www.aliexpress.us/item/3256804221666212.html,https://ae-pic-a1.aliexpress-media.com/kf/S0285d8357a584e40a29b9687bdd68b12k.jpg
rotary fly tying vise,3256811952647700,"ICERIO 360° Rotating Fly Tying Vise with Sturdy Base, Easy Adjust Cone Jaws, Rotary Fly Tying Tool for Fly Fis",67,,63,,,,CN,si,https://www.aliexpress.us/item/3256811952647700.html,https://ae-pic-a1.aliexpress-media.com/kf/Sd6119d539d2f47b0bf972772922f58b6l.jpg
rotary fly tying vise,3256810043803049,360° Rotatable Fly Tying Vise with Sturdy Base Premium Aluminum Adjustable Precision Tool Vise for Bait Making,37.59,,31,56 sold,4.6,,CN,si,https://www.aliexpress.us/item/3256810043803049.html,https://ae-pic-a1.aliexpress-media.com/kf/S8ca3933420334c35bc51e0349e5ed383O.jpg
rotary fly tying vise,3256811562103651,ANFS 1piece Rotary Fly Tying Vise Fly Making Tool Fishing Tackle Equipment Accessories Portable C Clamp Hook S,1.09,,96,64 sold,4.8,,CN,si,https://www.aliexpress.us/item/3256811562103651.html,https://ae-pic-a1.aliexpress-media.com/kf/S6ad7d1ecfea64c92aa082663ce3038e4Y.jpg
rotary fly tying vise,3256811337951680,Maximumcatch Mini Fly Tying Vise Pliers 360° Rotation Hard Jaws DIY Fly Hooks Size #14 #16 #18 #20 Fly Tying T,48.34,,21,56 sold,4.6,,CN,si,https://www.aliexpress.us/item/3256811337951680.html,https://ae-pic-a1.aliexpress-media.com/kf/S9a64253fb03842e3aa2b90940ce84386U.png
rotary fly tying vise,3256805877982894,Fly Tying Vise Flies Accessory 360 Degree Rotary Spare Parts Portable Durable Fly Tying Vise Fishing Line Stan,2.86,,85,14 sold,1.3,,CN,si,https://www.aliexpress.us/item/3256805877982894.html,https://ae-pic-a1.aliexpress-media.com/kf/Sb246d0988c714e47a76c33a5d91b7da7t.jpg
rotary fly tying vise,3256808608474008,MNFT 1Set 360 Degree Rotary Fly Tying Vise with C-Clamp Strengthened Hard Jaws Rotation Precision Fly Tying To,61.57,,15,111 sold,4.7,,CN,si,https://www.aliexpress.us/item/3256808608474008.html,https://ae-pic-a1.aliexpress-media.com/kf/S725d8182376843ffa7d955f33aeb8b1e0.jpg
rotary fly tying vise,2251832519496615,Royal Sissi High Quality Fly Tying Vise withC-Clamp handle Harden steel Jaws precision dual ball bearing rotar,98.02,,10,2 sold,3,,CN,si,https://www.aliexpress.us/item/2251832519496615.html,https://ae-pic-a1.aliexpress-media.com/kf/Sc7281032357c49cf9eebd441faad2b42U.jpg
rotary fly tying vise,3256810437397890,360° Rotary Fly Tying Vise Foldable Travel Vise PA6 Plastic Base Anodized Aluminum Fly Tying Tool,39.44,,65,31 sold,5,,CN,si,https://www.aliexpress.us/item/3256810437397890.html,https://ae-pic-a1.aliexpress-media.com/kf/S38ed1ec1d59c4e3281db5d491a0f4c164.jpg
rotary fly tying vise,3256805258005691,Bimoo 360° Rotation Hardened Steel Jaws Fly Tying Vise W/ Heavy Pedestal Base Jig Lure Making Tool Fishing Fli,137.96,,47,18 sold,4.8,,CN,si,https://www.aliexpress.us/item/3256805258005691.html,https://ae-pic-a1.aliexpress-media.com/kf/Sdb9b05f9768f407aa8f27c475a2a9b0aj.jpg
rotary fly tying vise,3256812143588340,Fly Tying Vise Tool Portable 360 Degree Rotary Professional Fly Tying Tools,2.71,,86,21 sold,1.7,,CN,si,https://www.aliexpress.us/item/3256812143588340.html,https://ae-pic-a1.aliexpress-media.com/kf/Sd654eb7748fa4368a78e637a8e04d21f1.jpg
rotary fly tying vise,3256805536956640,Fly Tying Vise 360-Degrees Rotation Fly Fishing Fly Hook Lures Fishing Hook Tool Jaws Suitable For Hook Size R,333.47,,30,,,,CN,si,https://www.aliexpress.us/item/3256805536956640.html,https://ae-pic-a1.aliexpress-media.com/kf/Sbf6e12f050344f96b39ebcc6c4f41ec6O.jpeg
rotary fly tying vise,3256811856049585,Q84C Fishing Line Stand for Fishing Tying Tool Fly Tying Tool Fishing Line Holder Fishing Hook Rotary Tying Vi,18.12,,1,,,,CN,si,https://www.aliexpress.us/item/3256811856049585.html,https://ae-pic-a1.aliexpress-media.com/kf/S50d8d094bae4474283f0f6f199ff131eK.jpg
rotary fly tying vise,3256812673983094,Fly Tying Vise True Rotary 360° Rotation Dual Bearing Fly Fishing Tool Adjustable Steel Jaws for Dry Flies Nym,59.29,,61,,,,CN,si,https://www.aliexpress.us/item/3256812673983094.html,https://ae-pic-a1.aliexpress-media.com/kf/S68482b3f6f55432b982c2776e9de93ffl.jpg
rotary fly tying vise,3256805576458010,360 Degree Rotary Fly Tying Vise Stainless Steel Aluminum C-Clamp Mount 40Cr Hard Jaws Fishing Flies Tying Too,35.83,,46,31 sold,4.9,,CN,si,https://www.aliexpress.us/item/3256805576458010.html,https://ae-pic-a1.aliexpress-media.com/kf/S5bc7fd3cbea24060861cdef3c9e526d5B.jpg
rotary fly tying vise,3256808622704043,MNFT 1Set 360° Rotation Fly Tying Vise For Streamer Fly Fishing Flies Jig Lures Fly Tying Tool,79.57,,60,27 sold,4.9,,CN,si,https://www.aliexpress.us/item/3256808622704043.html,https://ae-pic-a1.aliexpress-media.com/kf/Sf4ebad03faf741f7b5cbb6df5fb2e7eaz.jpg
rotary fly tying vise,3256803941232917,Bimoo Rotary Fly Tying Vise Tools C-clamp Tying Vise with Steel Hardened Jaw Rotating Hook Tools Tying Thread ,33.47,,53,106 sold,4.9,,CN,si,https://www.aliexpress.us/item/3256803941232917.html,https://ae-pic-a1.aliexpress-media.com/kf/S8d4fcb26439c411abd0ac2d198a298f7F.jpg
rotary fly tying vise,3256812921222435,Stainless Steel Fly Tying Vise With Rotating Base 360 Degree Hook Clamp Tool For Fly Fishing Accessories Porta,1.09,,91,,,,CN,si,https://www.aliexpress.us/item/3256812921222435.html,https://ae-pic-a1.aliexpress-media.com/kf/S9d62928efc4b416c8a12b97e4219228cS.jpeg
rotary fly tying vise,3256807481710588,True Rotary Fly Tying Vise and Fly Tying Pedestal Base for Clamp Base for Travel Professionals Beginners,15.68,,84,28 sold,5,,CN,si,https://www.aliexpress.us/item/3256807481710588.html,https://ae-pic-a1.aliexpress-media.com/kf/Adc73f461e68a4b31ab1212cad99832d10.jpg
rotary fly tying vise,3256803601065100,Eupheng Fly Tying Vise Jaws 360 Degree Rotation Adjustable Fly Tying Equipment Diy Fly Tying Lure Flies Make T,13.64,,55,,,,CN,si,https://www.aliexpress.us/item/3256803601065100.html,https://ae-pic-a1.aliexpress-media.com/kf/S43b1cbffd85f425bb63a46dbe14ae054x.jpg
rotary fly tying vise,3256801407327475,Steel Fly Tying Vise with Dubbing needle Rotary whip finisher bobbin threader holder set with Multicolor Fly F,18.51,,16,10 sold,5,,CN,si,https://www.aliexpress.us/item/3256801407327475.html,https://ae-pic-a1.aliexpress-media.com/kf/H85feb5075ebd45f8b1ef688fa9d065fc1.jpg
rotary fly tying vise,3256812859252065,Vampfly 360° Rotate C-Clamp Fly Tying Vise with Hardened Steel Jaw Fly Tying Tool for Dry Wet Fly Minnow Strea,26.49,,50,5 sold,5,,CN,si,https://www.aliexpress.us/item/3256812859252065.html,https://ae-pic-a1.aliexpress-media.com/kf/S32b6dd618e4e41b5bd9facf4ebbaeee6L.png
rotary fly tying vise,3256804163618888,Fly Tying Vise 360 Degree Rotary Stainless Steel Aluminum Alloy Fishing Flies Tieing Tools C-Clamp Mount Stand,57.89,,22,25 sold,4.9,,CN,si,https://www.aliexpress.us/item/3256804163618888.html,https://ae-pic-a1.aliexpress-media.com/kf/S6a74b0c5abd04dbd825093f5ae17c580P.jpg
rotary fly tying vise,3256806933453269,Handpress convenient 360 Degree Rotatable Fly Tying Tool Fly Bait Making Tool Fly Tying Vise  Making Trout Sal,42.65,,35,43 sold,4.9,,CN,si,https://www.aliexpress.us/item/3256806933453269.html,https://ae-pic-a1.aliexpress-media.com/kf/Sd504baf17ff84c308f6ea64c2a3dbca3I.jpg
rotary fly tying vise,3256801606700604,CONTEMPLATOR 360°Rotation Easy Operating Iron Fly Tying AA Vise With Standard Disc Bobbin Holder Fly Tying Too,12.18,,58,35 sold,3,,CN,si,https://www.aliexpress.us/item/3256801606700604.html,https://ae-pic-a1.aliexpress-media.com/kf/Uc10b17fee99c44d8a47b3b312bfa68d20.jpg
rotary fly tying vise,3256805978738444,360° Rotary Vise Fly Tying Tools C-clamp Rotating Hook Tool Fly Tying Vise,15.37,,45,65 sold,4.9,,CN,si,https://www.aliexpress.us/item/3256805978738444.html,https://ae-pic-a1.aliexpress-media.com/kf/S9b80403e782544e893859c510ae7daf3I.jpg
rotary fly tying vise,3256809110641676,Fly Tying Vise Rotatable Standard Jaws C-Clamp Fly Fishing Material Pedestal Base for Making Flies Bass Trout,55.45,,19,,,,CN,si,https://www.aliexpress.us/item/3256809110641676.html,https://ae-pic-a1.aliexpress-media.com/kf/S2a4517bbedf64104a2a5eb66bd57c9c86.jpg
rotary fly tying vise,3256813068811606,Rotary Fly Tying Vise Practical Flies Tying Tool Lure Making Jigs,28.67,,46,,,,CN,si,https://www.aliexpress.us/item/3256813068811606.html,https://ae-pic-a1.aliexpress-media.com/kf/Sd349397019d848f5858cda5e195ecee9f.jpg
rotary fly tying vise,3256812692751603,"ICERIO 1PC 360° Rotary Fly Tying Vise with Spare Jaws, C-Clamp Base Portable Fly Hook Binding Tool for Flies -",16.21,,70,8 sold,5,,CN,si,https://www.aliexpress.us/item/3256812692751603.html,https://ae-pic-a1.aliexpress-media.com/kf/S0c64d62e7b2c483f817b447ca962fe41C.jpg
rotary fly tying vise,3256813092926410,Fly Tying Vise Alloy Rotary Tool Portable 360 Degree Rotating Vise for Fishing Flies Beginners Professionals,176.55,,,,,,CN,si,https://www.aliexpress.us/item/3256813092926410.html,https://ae-pic-a1.aliexpress-media.com/kf/S531b40d0526546ae977f7e365ba4004cO.jpg
rotary fly tying vise,3256808370170081,"A57T Rotaries Fly Tying Vise Fly Vise, 360 Degree Rotation Ultra Light Fly Tying Tools Jig Tying Vise C-Clamp ",44.57,,57,,,,CN,si,https://www.aliexpress.us/item/3256808370170081.html,https://ae-pic-a1.aliexpress-media.com/kf/S2565431a13cc4d6ca1cf7c85efbb1f71t.jpg
rotary fly tying vise,3256813109491362,Fly Tying Vise Tool Rotary Multiple Gear Table Station for Fishing Flies Making Hooks Jaws Supplies,115.84,,,,,,CN,si,https://www.aliexpress.us/item/3256813109491362.html,https://ae-pic-a1.aliexpress-media.com/kf/S01a306eb353e41e98be55758af4315293.jpg
rotary fly tying vise,3256813125397353,Rotary Fly Tying Vise Smooth Accessories Practical Portable for Travel with,120.58,,,,,,CN,si,https://www.aliexpress.us/item/3256813125397353.html,https://ae-pic-a1.aliexpress-media.com/kf/S56d95b1640e4480b958a5c14b616fe91f.jpg
rotary fly tying vise,3256810380669781,Aventik 360° Rotary Fly Tying Vise Foldable PA6 Base Anodized Aluminum Fly Tying Tool,53.15,,15,19 sold,4.3,,CN,si,https://www.aliexpress.us/item/3256810380669781.html,https://ae-pic-a1.aliexpress-media.com/kf/Sf9d79cc57c494663ab8e5c2f8017b345O.jpg
rotary fly tying vise,3256810052107099,"360° Rotary Fly Tying Vise, Lightweight Aluminum Body with Carbon Steel Jaws, C-Clamp Mount, Travel Fly Tying ",31.28,,23,40 sold,4.7,,CN,si,https://www.aliexpress.us/item/3256810052107099.html,https://ae-pic-a1.aliexpress-media.com/kf/S538a08c4e67b420ab0c0db64c513b940j.jpg
rotary fly tying vise,3256812914260002,ICERIO C‑Clamp Fly Tying Vise 360° Rotary Hardened Steel Jaw for #22‑3/0 Hook Aluminum Fly Fishing Lure Making,26.37,,75,,,,CN,si,https://www.aliexpress.us/item/3256812914260002.html,https://ae-pic-a1.aliexpress-media.com/kf/Sb9752fa8a6434cf2a0c9e349bb206bdc7.jpg
rotary fly tying vise,3256812659616241,Aventik Rotary Fly Tying Vise with Dual Ball Bearings 360 Degree Rotation Adjustable Tension Professional Fly ,84.87,,16,4 sold,5,,CN,si,https://www.aliexpress.us/item/3256812659616241.html,https://ae-pic-a1.aliexpress-media.com/kf/Sf4602d25b4ef440e9e9cf1bd826faa9dM.jpeg
rotary fly tying vise,3256812659327524,Eupheng N075 Madison True Rotary Fly Tying Vise 360° Rotation with Dual Ball Bearings Smooth Adjustable Rotary,90.76,,15,,,,CN,si,https://www.aliexpress.us/item/3256812659327524.html,https://ae-pic-a1.aliexpress-media.com/kf/S678609b743dd4019a8919730d4636ebdX.jpeg
rotary fly tying vise,3256807467570266,Portable Mini Rotary Fly Tying Vise Fishing Flies Tying Tool Tackle Table Station DIY Lure Making Jigs Fishing,9.67,,43,26 sold,3.8,,CN,si,https://www.aliexpress.us/item/3256807467570266.html,https://ae-pic-a1.aliexpress-media.com/kf/Sb823b1cd422c4a2e96635ab9b4550f25a.jpg
rotary fly tying vise,3256807398379346,Fly Tying Vise Rotary 360 Degree Fly Tying Base Portable Stainless Steel Aluminum C-Clamp Mount 40Cr Hard Jaws,39.64,,46,24 sold,3.8,,CN,si,https://www.aliexpress.us/item/3256807398379346.html,https://ae-pic-a1.aliexpress-media.com/kf/S625f69c87e674fdbb6f790cba0a3c666u.jpg
rotary fly tying vise,3256809228000224,"360 Degree Rotatable Fly Tying Tool, Fly Bait Making Fly Tying Vise And angle converter For Making Trout Salmo",41.61,,33,76 sold,4.8,,CN,si,https://www.aliexpress.us/item/3256809228000224.html,https://ae-pic-a1.aliexpress-media.com/kf/Sa9fe06d143ae4167ba5e0d67132145a1J.jpg
rotary fly tying vise,3256804464315222,Elllv 360° Rotation Assist Hook Binding Vise/ Fly Tying C-Clamp Vise with Hardened Steel Jaws Fishing Lure Mak,30.91,,51,145 sold,4.9,,CN,si,https://www.aliexpress.us/item/3256804464315222.html,https://ae-pic-a1.aliexpress-media.com/kf/Sa19c9aa4e1d24900bcad2c1639b42ddcc.jpg
rotary fly tying vise,3256812948674193,Fly Tying Vise Tool Fishing Tying Tools Rotary Spare Parts Portable Replacement Fishing Line Holder Fly Tying ,11.85,,72,,,,CN,si,https://www.aliexpress.us/item/3256812948674193.html,https://ae-pic-a1.aliexpress-media.com/kf/S34cc336e594040e1a91d0ebac6747aaaY.jpg
rotary fly tying vise,3256807954387495,Eupheng Fly Tying Vise Jaws 360 Degree Rotation Adjustable Fly Tying Equipment Diy Fly Tying Lure Flies Make T,24.33,,70,17 sold,3.7,,CN,si,https://www.aliexpress.us/item/3256807954387495.html,https://ae-pic-a1.aliexpress-media.com/kf/S43b1cbffd85f425bb63a46dbe14ae054x.jpg
rotary fly tying vise,3256812897180389,Fly Tying Vise Flies Accessory Fly Tying Vise Professional Spare Parts Durable 360 Degree Rotary Practical Fis,16.35,,54,,,,CN,si,https://www.aliexpress.us/item/3256812897180389.html,https://ae-pic-a1.aliexpress-media.com/kf/S15e5582b706b483392897e6b6d4b5226K.jpg
fly tying vise kit tools set,3256812031966729,8pc/Set Hardened Steel C-Clamp Vise Fly Tying Tool Kit Bobbin Holder Threader Whip Finisher Dry Wet Nymph Fly ,29.87,79.27,62,54 sold,4.9,New shoppers save $49.4 | Delivery: Oct 06 - 13,CN,si,https://www.aliexpress.us/item/3256812031966729.html,https://ae-pic-a1.aliexpress-media.com/kf/S09c4ddb8ded244bba917b835faabccf8R.jpg
fly tying vise kit tools set,3256808748576615,Fly Tying Tools Combo Kit Fly Tying Vise Bobbin Holder Threader Needle Whip Finisher Scissors Bobbin holder Fl,33.84,43.6,22,36 sold,5,New shoppers save $9.76 | Lowest price in 90 days,CN,si,https://www.aliexpress.us/item/3256808748576615.html,https://ae-pic-a1.aliexpress-media.com/kf/S463d47f3b4b54262b4bfd5b7b662224fX.jpg
fly tying vise kit tools set,3256808448398330,Fly Tying Tools Kit Fly Tying Vise Bobbin Thread Whip Finisher Knotter Bodkin Needle Hackle Plier Fly Fishing ,0.99,3.41,70,267 sold,4.9,New shoppers save $2.42,CN,si,https://www.aliexpress.us/item/3256808448398330.html,https://ae-pic-a1.aliexpress-media.com/kf/S5f8b99aea83d43f9ad490d0cec1d9354F.jpg
fly tying vise kit tools set,3256811954652738,"1pc 360 Degree Rotatable Fly Tying Tool, Fly Bait Making Tool, Fly Tying Vise For Making Trout Salmon Fishing ",28.27,75.13,62,135 sold,4.5,New shoppers save $46.86 | Top selling on AliExpress,CN,si,https://www.aliexpress.us/item/3256811954652738.html,https://ae-pic-a1.aliexpress-media.com/kf/S03aba3757b344134b3a4c52268ad3106o.jpg
fly tying vise kit tools set,3256812686882766,MAXCATCH Compact Fly Tying Kit Portable Travel Fly Tying Tools Set Vise Bobbin Hackle Pliers Fly Making Tool K,264.73,,,,,4 × $66.18 with no interest,CN,si,https://www.aliexpress.us/item/3256812686882766.html,https://ae-pic-a1.aliexpress-media.com/kf/S3dc7a30c721a41948d91b5614f23cfebi.png
fly tying vise kit tools set,3256804221666212,Royal Sissi prograde 360degree rotary fly tying vise with refined steel hardened hook jaw durable handy vise f,46.87,57.87,19,,,Lowest price in 90 days | 4 × $11.72 with no interest,CN,si,https://www.aliexpress.us/item/3256804221666212.html,https://ae-pic-a1.aliexpress-media.com/kf/S0285d8357a584e40a29b9687bdd68b12k.jpg
fly tying vise kit tools set,3256809983570411,Rotary Fly Tying Vise Kit With Bobbin Holder Threader Whip Finisher Bodkin Hackle Pliers for Jigging bait Fly ,17.45,27.21,35,30 sold,5,New shoppers save $9.76 | Lowest price in 90 days,CN,si,https://www.aliexpress.us/item/3256809983570411.html,https://ae-pic-a1.aliexpress-media.com/kf/Sac51c3d467404e9fb5880b6e2e816bc5u.jpg
fly tying vise kit tools set,3256803229375683,Trout Fly Fishing Flies Collection 32-112Pcs Flies Dry Wet Nymph Streamers Fly Assortment with Fly Box Flyfish,15.17,24.93,39,600+ sold,4.8,New shoppers save $9.76 | Lowest price in 90 days,CN,si,https://www.aliexpress.us/item/3256803229375683.html,https://ae-pic-a1.aliexpress-media.com/kf/H40696cc9af6a4ac7a9acb4af9f14be12j.jpg
fly tying vise kit tools set,3256808349403137,Supernew  Portable Fly Tying Vise with Base Rotary C-Clamp Fish Tackle Kit Travel Alloy Fly Fishing Tackles Ho,10.3,18.4,44,4 sold,,Extra 2% off with coins,CN,si,https://www.aliexpress.us/item/3256808349403137.html,https://ae-pic-a1.aliexpress-media.com/kf/S8cec5f2acf4c47a3858536cdc22dfe99Q.jpg
fly tying vise kit tools set,3256805258005691,Bimoo 360° Rotation Hardened Steel Jaws Fly Tying Vise W/ Heavy Pedestal Base Jig Lure Making Tool Fishing Fli,137.96,260.3,47,18 sold,4.8,4 × $34.49 with no interest | Extra 2% off with coins,CN,si,https://www.aliexpress.us/item/3256805258005691.html,https://ae-pic-a1.aliexpress-media.com/kf/Sdb9b05f9768f407aa8f27c475a2a9b0aj.jpg
fly tying vise kit tools set,3256804666350748,1set Portable Fly Tying AA Vise Bobbin Holder Threader Whip Finisher Bodkin Hackle Plier Brass Fly Tying Tools,30.21,38,20,27 sold,5,New shoppers save $7.79 | 4 × $7.55 with no interest,CN,si,https://www.aliexpress.us/item/3256804666350748.html,https://ae-pic-a1.aliexpress-media.com/kf/S6b0aeffd9fc04ac69bfcb705e6f0216dg.jpg
fly tying vise kit tools set,3256812285626740,Goture Multifunction Fishing Tools Accessories for Goods Winter Tackle Pliers Vise Knitting Flies Scissors Bra,0.99,5.66,82,3 sold,,New shoppers save $4.67 | Extra 2% off with coins,CN,si,https://www.aliexpress.us/item/3256812285626740.html,https://ae-pic-a1.aliexpress-media.com/kf/Scd7f10b32c3e48be92dbfb6342510de3V.jpg
fly tying vise kit tools set,3256812143588340,Fly Tying Vise Tool Portable 360 Degree Rotary Professional Fly Tying Tools,9.95,19.71,49,21 sold,1.7,New shoppers save $9.76,CN,si,https://www.aliexpress.us/item/3256812143588340.html,https://ae-pic-a1.aliexpress-media.com/kf/Sd654eb7748fa4368a78e637a8e04d21f1.jpg
fly tying vise kit tools set,3256811983348473,8pcs/set Portable Fly Tying Tool Kit Hardened Steel C-Clamp Vise Bobbin Holder Threader Whip Finisher Hair Sta,39.07,106.14,63,15 sold,5,New shoppers save $67.07 | Lowest price in 90 days,CN,si,https://www.aliexpress.us/item/3256811983348473.html,https://ae-pic-a1.aliexpress-media.com/kf/Sb53fa6bf9ceb42d7992d6ec6a09317fe2.png
fly tying vise kit tools set,3256805154763202,MNFT 1Set Rotary Fly Tying Vise - Practical Fly Fishing Vise with 360° Rotation and Multiple Adjustments for T,44.66,175.53,74,8 sold,5,New shoppers save $130.87 | Lowest price in 90 days,CN,si,https://www.aliexpress.us/item/3256805154763202.html,https://ae-pic-a1.aliexpress-media.com/kf/Se05800108bcc4d16860b93a9651ee60cs.jpg
fly tying vise kit tools set,3256809355559779,100 Pieces 14 Colors 2.3-3.8mm Offset Tungsten Beads for Fly Tying,14.95,,,66 sold,5,,CN,si,https://www.aliexpress.us/item/3256809355559779.html,https://ae-pic-a1.aliexpress-media.com/kf/Sa2b216e109ac40bb85a0257aaf5a595eM.jpg
fly tying vise kit tools set,3256807806785519,Vampfly 360° Rotation Fly Tying Vise For Streamer Fly Fishing Flies Jig Lures Fly Tying Tool Bobbin Holder Thr,147.86,295.73,50,2 sold,5,4 × $36.97 with no interest | Extra 2% off with coins,CN,si,https://www.aliexpress.us/item/3256807806785519.html,https://ae-pic-a1.aliexpress-media.com/kf/Seea8c8d5699845bcb14d7d0e6b8ddf554.jpg
fly tying vise kit tools set,3256812713126508,New Upgraded Rotating Fly Tying Vise Kit with Hook Holder Fly Tying Tool Set for Fly Fishing,323.06,403.82,20,,,Customizable | 4 × $80.77 with no interest,CN,si,https://www.aliexpress.us/item/3256812713126508.html,https://ae-pic-a1.aliexpress-media.com/kf/S5fe405bba1034d488f103e94dea20221j.jpg
fly tying vise kit tools set,2255800063206865,Maximumcatch Rotary Travel Fly Tying Vise Machined Alloy Vise With Base Fishing Tool Set Traveler Fly Fishing ,232.04,393.29,41,,,4 × $58.01 with no interest,CN,si,https://www.aliexpress.us/item/2255800063206865.html,https://ae-pic-a1.aliexpress-media.com/kf/S08f3f492a0d74f058a5583e3f95a7271j.jpg
fly tying vise kit tools set,3256808310818321,Fishing Pliers Tools Accessories for Goods Tackle Pliers Vise Knitting Flies Scissors Braid Set Fish  Tongs Mu,0.99,4.34,77,101 sold,4.3,New shoppers save $3.35,CN,si,https://www.aliexpress.us/item/3256808310818321.html,https://ae-pic-a1.aliexpress-media.com/kf/S294a0528280740b0a41f95f8b9725a129.jpg
fly tying vise kit tools set,3256801407327475,Steel Fly Tying Vise with Dubbing needle Rotary whip finisher bobbin threader holder set with Multicolor Fly F,18.51,22.04,16,10 sold,5,,CN,si,https://www.aliexpress.us/item/3256801407327475.html,https://ae-pic-a1.aliexpress-media.com/kf/H85feb5075ebd45f8b1ef688fa9d065fc1.jpg
fly tying vise kit tools set,3256809373830853,Rotary Fly Tying Vise Station Kit - Stainless Steel Hook Clamp for Fly/Jig/Micro Fishing,36.29,,,1 sold,,4 × $9.07 with no interest,CN,si,https://www.aliexpress.us/item/3256809373830853.html,https://ae-pic-a1.aliexpress-media.com/kf/S97145c02bba84efc81d88dff47a8af45G.jpg
fly tying vise kit tools set,3256808622704043,MNFT 1Set 360° Rotation Fly Tying Vise For Streamer Fly Fishing Flies Jig Lures Fly Tying Tool,86.81,201.18,56,27 sold,4.9,New shoppers save $114.37 | Lowest price in 90 days,CN,si,https://www.aliexpress.us/item/3256808622704043.html,https://ae-pic-a1.aliexpress-media.com/kf/Sf4ebad03faf741f7b5cbb6df5fb2e7eaz.jpg
fly tying vise kit tools set,3256809320990801,25 Pieces 14 Colors 2.3-3.8mm Offset Tungsten Beads for Fly Tying,5.75,,,95 sold,5,,CN,si,https://www.aliexpress.us/item/3256809320990801.html,https://ae-pic-a1.aliexpress-media.com/kf/S3ac2b5bccdf140deaecb363181fe2a11W.jpg
fly tying vise kit tools set,3256811850142046,Rotary Fly Tying Vise with Clamp Base Fly Fishing Tying Tool Set Lure Bait Making Kit for Fishing Lures,13.38,33.45,60,,,Customizable | Extra 5% off with coins,CN,si,https://www.aliexpress.us/item/3256811850142046.html,https://ae-pic-a1.aliexpress-media.com/kf/S4caf55f708784c2b83aab361c78c64d9X.jpg
fly tying vise kit tools set,3256803941232917,Bimoo Rotary Fly Tying Vise Tools C-clamp Tying Vise with Steel Hardened Jaw Rotating Hook Tools Tying Thread ,33.47,71.21,53,106 sold,4.9,4 × $8.37 with no interest | Extra 2% off with coins,CN,si,https://www.aliexpress.us/item/3256803941232917.html,https://ae-pic-a1.aliexpress-media.com/kf/S8d4fcb26439c411abd0ac2d198a298f7F.jpg
fly tying vise kit tools set,3256808608474008,MNFT 1Set 360 Degree Rotary Fly Tying Vise with C-Clamp Strengthened Hard Jaws Rotation Precision Fly Tying To,61.57,72.65,15,111 sold,4.7,New shoppers save $11.08 | Lowest price in 90 days,CN,si,https://www.aliexpress.us/item/3256808608474008.html,https://ae-pic-a1.aliexpress-media.com/kf/S725d8182376843ffa7d955f33aeb8b1e0.jpg
fly tying vise kit tools set,3256811626843945,100 Pieces 14 Colors 2.3-3.8mm Offset Tungsten Beads for Fly Tying,14.88,19.84,25,19 sold,4.7,,CN,si,https://www.aliexpress.us/item/3256811626843945.html,https://ae-pic-a1.aliexpress-media.com/kf/S0f1c8dc77d144dc5b0b8d85998880e6cC.jpg
fly tying vise kit tools set,3256808450925739,MNFT Fly Fishing Flies Tools Kit in Portable Pack Bag Including Artificial Fly Tying Tool Vise Bobbin Hackle P,92.56,144.63,36,,,4 × $23.14 with no interest | Extra 2% off with coins,CN,si,https://www.aliexpress.us/item/3256808450925739.html,https://ae-pic-a1.aliexpress-media.com/kf/HTB1Vwtwa6zuK1RjSspeq6ziHVXag.jpg
fly tying vise kit tools set,3256810437397890,360° Rotary Fly Tying Vise Foldable Travel Vise PA6 Plastic Base Anodized Aluminum Fly Tying Tool,46.68,115.18,59,31 sold,5,New shoppers save $68.5 | Lowest price in 90 days,CN,si,https://www.aliexpress.us/item/3256810437397890.html,https://ae-pic-a1.aliexpress-media.com/kf/S38ed1ec1d59c4e3281db5d491a0f4c164.jpg
fly tying vise kit tools set,3256811662952008,【MAX114M3】Multifunction Winter Fishing Tools Accessories Set - Tackle Pliers Vise Knitting Flies Scissors Brai,0.99,7.82,87,23 sold,4.7,"$0.94 each, ≥ 2 pieces | New shoppers save $6.83",CN,si,https://www.aliexpress.us/item/3256811662952008.html,https://ae-pic-a1.aliexpress-media.com/kf/Scef43c36edb54d34bc6a73476784ad25i.jpg
fly tying vise kit tools set,3256812850873296,Fish Gripper & Fishing Pliers Combo Set Anti‑Rust Fishing Tool Kit with Lanyard Storage Bag,27.07,35.16,23,,,Free shipping | Extra 2% off with coins,CN,si,https://www.aliexpress.us/item/3256812850873296.html,https://ae-pic-a1.aliexpress-media.com/kf/S63f12b99bd91484fbca3046d940e02a1w.jpg
fly tying vise kit tools set,3256811777072234,8pc/Set Hardened Steel C-Clamp Vise Fly Tying Tool Kit Bobbin Holder Threader Whip Finisher Dry Wet Nymph Fly ,34.13,93.39,63,54 sold,4.9,New shoppers save $59.26 | Delivery: Oct 06 - 13,CN,si,https://www.aliexpress.us/item/3256811777072234.html,https://ae-pic-a1.aliexpress-media.com/kf/S09c4ddb8ded244bba917b835faabccf8R.jpg
fly tying vise kit tools set,3256807619237153,6pcs/5pcs Fly Tying Tools Combo Kit Fly Tying Vise Bobbin Holder Threader Needle Whip Finisher Scissors Carp F,23.38,69.04,66,286 sold,4.9,New shoppers save $45.66 | Delivery: Oct 06 - 13,CN,si,https://www.aliexpress.us/item/3256807619237153.html,https://ae-pic-a1.aliexpress-media.com/kf/Sbdd4333ecf514584824c33602cef5f88V.jpg
fly tying vise kit tools set,3256808216910055,Rotary Fly Tying Vise Artificial Flies Making Tool Adjustable Fly Fishing Equipment with Heavy Duty Base Trave,87.14,124.49,30,15 sold,5,Free shipping | 4 × $21.79 with no interest,CN,si,https://www.aliexpress.us/item/3256808216910055.html,https://ae-pic-a1.aliexpress-media.com/kf/Sc4ecd4adc890433380dbc7f02d7f382bY.jpg
fly tying vise kit tools set,3256809343130624,50 Pieces 14 Colors 2.3-3.8mm Offset Tungsten Beads for Fly Tying,8.05,,,123 sold,5,,CN,si,https://www.aliexpress.us/item/3256809343130624.html,https://ae-pic-a1.aliexpress-media.com/kf/S247fe56a9c604cd7a7d8e03a4d42b956y.jpg
fly tying vise kit tools set,3256803951822087,Bimoo 360°Rotation C-Clamp Fly Tying Vise W/ Hardened Steel Jaws 200D Thread Kit Bobbin Holder Threader Fly Ty,28.18,41.44,32,175 sold,4.8,Extra 2% off with coins,CN,si,https://www.aliexpress.us/item/3256803951822087.html,https://ae-pic-a1.aliexpress-media.com/kf/Sf928722754b84dec8fea5575c0921bd60.jpg
fly tying vise kit tools set,3256805375005117,Fly Tying Tool Combo Kit Fly Tying Vise Bobbin Holder Threader Needle Whip Finisher Scissor Tie Hook Multifunc,40.09,146.2,72,17 sold,3.7,New shoppers save $106.11 | Delivery: Oct 06 - 13,CN,si,https://www.aliexpress.us/item/3256805375005117.html,https://ae-pic-a1.aliexpress-media.com/kf/S4e69836ef9b64aec8cafecaaba86163ca.jpg
fly tying vise kit tools set,3256812736238261,360° Rotation Assist Hook Binding Vise/ Fly Tying C-Clamp Vise with Hardened Steel Jaws Fishing Lure Making/Fl,19.62,61.22,67,6 sold,,New shoppers save $41.6 | Delivery: Oct 06 - 13,CN,si,https://www.aliexpress.us/item/3256812736238261.html,https://ae-pic-a1.aliexpress-media.com/kf/S2234984f3a3142a781e8036169db5a7cH.jpg
fly tying vise kit tools set,3256804584012003,Wifreo C-clamp 360° Rotary Fly Tying Vise Tools Combo Kit 2mm Width Steel Hardened Jaw Fishing Lure Making Too,30.09,38.09,21,9 sold,5,4 × $7.52 with no interest | Extra 2% off with coins,CN,si,https://www.aliexpress.us/item/3256804584012003.html,https://ae-pic-a1.aliexpress-media.com/kf/S08dffdf469304763a421b976fc199f38h.jpg
fly tying vise kit tools set,3256804399658095,Bimoo 360° Rotation C-Clamp Fly Tying Vise Hardened Steel Jaws Jig Lure Making Tool Fly Tying Tool Kit 300D As,28.58,49.27,42,55 sold,4.7,Extra 2% off with coins,CN,si,https://www.aliexpress.us/item/3256804399658095.html,https://ae-pic-a1.aliexpress-media.com/kf/S2f75c0351688491ebb31cdddcaedd54bp.jpg
fly tying vise kit tools set,3256807751619059,Aventik Fly Tying Tool Combo Fly Tying Accessories and Tools Kit Fly Tying Bobbin Holder Hair Stacker Cutting ,1.33,7.47,82,"1,000+ sold",4.9,Delivery: Oct 06 - 13,CN,si,https://www.aliexpress.us/item/3256807751619059.html,https://ae-pic-a1.aliexpress-media.com/kf/S1b8290fffd9f45f6bc891190f04056925.jpg
fly tying vise kit tools set,3256812117982748,"1pc 360 Degree Rotatable Fly Tying Tool, Fly Bait Making Tool, Fly Tying Vise For Making Trout Salmon Fishing ",25.22,66.03,61,800+ sold,4.9,New shoppers save $40.81 | Lowest price in 90 days,CN,si,https://www.aliexpress.us/item/3256812117982748.html,https://ae-pic-a1.aliexpress-media.com/kf/S7ccb6da82ba4495b8eac8dd5816739f0E.jpg
fly tying vise kit tools set,3256807287859847,CONTEMPLATOR Fly Tying Rotary Vise Hook Kit Bobbin Thread Holder Whip Finisher Brush CDC Magic Fly Fishing Too,0.99,7.08,86,176 sold,4.8,New shoppers save $6.09 | Extra 2% off with coins,CN,si,https://www.aliexpress.us/item/3256807287859847.html,https://ae-pic-a1.aliexpress-media.com/kf/Se4f644224cc44b07b8664491e64b291b5.jpg
fly tying vise kit tools set,3256802953325544,Multifunction Fishing Pliers Tools Accessories for Goods Winter Tackle Pliers Vise Knitting Flies Scissors Bra,,,,"10,000+ sold",4.7,,,,https://www.aliexpress.us/item/3256802953325544.html,https://ae-pic-a1.aliexpress-media.com/kf/S83202c7b779541508dcad39b76802475r.jpg
fly tying vise kit tools set,3256806154926340,Premium fly tying vise jaw set jaw head for small and medium flies hardened Alloy steel materials fly tying to,7.67,17.43,55,45 sold,4.9,New shoppers save $9.76,CN,si,https://www.aliexpress.us/item/3256806154926340.html,https://ae-pic-a1.aliexpress-media.com/kf/S4e5202af8d8d401e9e65a14530a20223V.jpg
fly tying vise kit tools set,3256812346298004,Rotary Fly Tying Vise Weighted Base Fly Tying Clamp Fishing Tool Silver and Black Finish,67.32,102,34,,,4 × $16.83 with no interest,CN,si,https://www.aliexpress.us/item/3256812346298004.html,https://ae-pic-a1.aliexpress-media.com/kf/S594ef73525eb45d38407462adf68fc38e.jpg
fly tying vise kit tools set,3256801662136823,2pcs/set New Developed Fly Tying Bodkins Tools Kit Straight Tip&Hooked Tip Assorted 304 Stainless Steel Materi,0.99,4.03,75,27 sold,5,New shoppers save $3.04,CN,si,https://www.aliexpress.us/item/3256801662136823.html,https://ae-pic-a1.aliexpress-media.com/kf/H60f0c3dbbf044c1f85cb1faea0c3e4632.jpg
fly tying vise kit tools set,3256807467570266,Portable Mini Rotary Fly Tying Vise Fishing Flies Tying Tool Tackle Table Station DIY Lure Making Jigs Fishing,9.67,16.96,43,26 sold,3.8,,CN,si,https://www.aliexpress.us/item/3256807467570266.html,https://ae-pic-a1.aliexpress-media.com/kf/Sb823b1cd422c4a2e96635ab9b4550f25a.jpg
fly tying vise kit tools set,3256808370170081,"A57T Rotaries Fly Tying Vise Fly Vise, 360 Degree Rotation Ultra Light Fly Tying Tools Jig Tying Vise C-Clamp ",44.57,103.66,57,3 sold,,4 × $11.14 with no interest | Extra 2% off with coins,CN,si,https://www.aliexpress.us/item/3256808370170081.html,https://ae-pic-a1.aliexpress-media.com/kf/S2565431a13cc4d6ca1cf7c85efbb1f71t.jpg
fly tying vise kit tools set,3256810052107099,"360° Rotary Fly Tying Vise, Lightweight Aluminum Body with Carbon Steel Jaws, C-Clamp Mount, Travel Fly Tying ",31.28,41.04,23,40 sold,4.7,New shoppers save $9.76 | Lowest price in 90 days,CN,si,https://www.aliexpress.us/item/3256810052107099.html,https://ae-pic-a1.aliexpress-media.com/kf/S538a08c4e67b420ab0c0db64c513b940j.jpg
fly tying vise kit tools set,2255799858737815,2-10Pcs Easy Hook Loop Tyer Disgorger Tool Tie Fast Knot Tying Tool for Fly Fishing Line Tier Kit Fishing Deta,0.99,2.35,57,411 sold,4.8,New shoppers save $1.36,CN,si,https://www.aliexpress.us/item/2255799858737815.html,https://ae-pic-a1.aliexpress-media.com/kf/S587389669a6e4b50a67c524e259460cfr.jpg
fly tying vise kit tools set,3256808902028343,"Fly Tying Tool Set with CDC Feather Clamp Clips -DIY Fly Fishing Accessories, Universal Use for Fly Tying and ",0.99,17.02,94,187 sold,4.6,"$0.94 each, ≥ 2 pieces | New shoppers save $16.03",CN,si,https://www.aliexpress.us/item/3256808902028343.html,https://ae-pic-a1.aliexpress-media.com/kf/S81891c1fe74246828285897013d0a60aZ.jpeg
fly tying vise kit tools set,3256810292906501,"ANFS Fly Tying Tool Set with CDC Feather Clamp Clips -DIY Fly Fishing Accessories,Fly Tying Supplies",0.99,15.67,93,186 sold,4.9,"$0.94 each, ≥ 2 pieces | New shoppers save $14.68",CN,si,https://www.aliexpress.us/item/3256810292906501.html,https://ae-pic-a1.aliexpress-media.com/kf/S724887cb1a0b46f18c8c7dbd7c557eea5.jpg
fly tying vise kit tools set,3256810439383851,Aventik CNC Fly Tying Tool Caddy Vise Stem Rack T6 Aluminum Type II Anodized 5 Colors Fly Tying Equipment,3.54,28.3,87,149 sold,4.7,"$3.36 each, ≥ 2 pieces | New shoppers save $24.76",CN,si,https://www.aliexpress.us/item/3256810439383851.html,https://ae-pic-a1.aliexpress-media.com/kf/S650b3481c7864bdb87cd3bcdc6a15a31S.jpeg
fly tying vise kit tools set,3256805877982894,Fly Tying Vise Flies Accessory 360 Degree Rotary Spare Parts Portable Durable Fly Tying Vise Fishing Line Stan,10.1,19.86,49,14 sold,1.3,New shoppers save $9.76 | Lowest price in 90 days,CN,si,https://www.aliexpress.us/item/3256805877982894.html,https://ae-pic-a1.aliexpress-media.com/kf/Sb246d0988c714e47a76c33a5d91b7da7t.jpg
fly tying vise kit tools set,3256810043803049,360° Rotatable Fly Tying Vise with Sturdy Base Premium Aluminum Adjustable Precision Tool Vise for Bait Making,44.83,54.59,17,56 sold,4.6,New shoppers save $9.76 | Lowest price in 90 days,CN,si,https://www.aliexpress.us/item/3256810043803049.html,https://ae-pic-a1.aliexpress-media.com/kf/S8ca3933420334c35bc51e0349e5ed383O.jpg
fly tying vise kit tools set,3256812673983094,Fly Tying Vise True Rotary 360° Rotation Dual Bearing Fly Fishing Tool Adjustable Steel Jaws for Dry Flies Nym,66.53,152.58,56,4 sold,,New shoppers save $86.05 | Lowest price in 90 days,CN,si,https://www.aliexpress.us/item/3256812673983094.html,https://ae-pic-a1.aliexpress-media.com/kf/S68482b3f6f55432b982c2776e9de93ffl.jpg
fly tying vise kit tools set,3256805576458010,360 Degree Rotary Fly Tying Vise Stainless Steel Aluminum C-Clamp Mount 40Cr Hard Jaws Fishing Flies Tying Too,35.83,66.36,46,31 sold,4.9,4 × $8.96 with no interest | Extra 3% off with coins,CN,si,https://www.aliexpress.us/item/3256805576458010.html,https://ae-pic-a1.aliexpress-media.com/kf/S5bc7fd3cbea24060861cdef3c9e526d5B.jpg
fly tying vise kit tools set,3256811824690625,"Fishing Lure Holder Fly Fishing Flies Display Tools Set with Scissors, Multi-Color Fly Tying Tools Kit for Ang",0.99,6.96,85,10 sold,5,"$0.94 each, ≥ 2 pieces | New shoppers save $5.97",CN,si,https://www.aliexpress.us/item/3256811824690625.html,https://ae-pic-a1.aliexpress-media.com/kf/S7a53ef4be9af4e4999acabadf9dfe2d9G.jpg
